# Resource object code (Python 3)
# Created by: object code
# Created by: The Resource Compiler for Qt version 6.10.1
# WARNING! All changes made in this file will be lost!

from PySide6 import QtCore

qt_resource_data = b"\
\x00\x00,\xc4\
#\
 Changelog\x0a\x0a## [\
Unreleased]\x0a### \
Added\x0a- Applicat\
ion settings (wi\
ndow size, model\
, confidence, cr\
op/padding setti\
ngs, etc.) are p\
ersistently save\
d and restored b\
etween sessions.\
\x0a\x0a## [0.7.4] - 2\
026-01-29\x0a### Ad\
ded\x0a- Display th\
e changelog in t\
he About dialog.\
\x0a\x0a### Changed\x0a- \
[Dev] Consolidat\
e image file ext\
ension constants\
 to single defin\
itions in their \
respective Image\
Object subclasse\
s (HEIF_EXTENSIO\
NS in HeifImageO\
bject, STANDARD_\
IMG_EXTENSIONS i\
n PillowImageObj\
ect, RAW_EXTENSI\
ONS in RawImageO\
bject), removing\
 duplicates.\x0a- [\
Dev] Improve bui\
ld output struct\
ure: architectur\
e-specific direc\
tories (e.g., `d\
ist/macos-arm64`\
), version and a\
rchitecture in e\
xecutable names \
(e.g., `Detector\
ist-0.7.4-macos-\
arm64.app`), and\
 clean directory\
 before building\
.\x0a- [Dev] Add re\
lease.sh to assi\
st with creating\
 releases.\x0a\x0a### \
Fixed\x0a- \x22Crop & \
Export all Image\
s\x22 action is now\
 enabled as soon\
 as images are l\
oaded, rather th\
an requiring the\
 current image t\
o have detection\
s.\x0a- Fixed RAW_E\
XTENSIONS missin\
g leading dots f\
or some extensio\
ns (.cr2, .cr3, \
.orf, .pef), whi\
ch caused folder\
s or files with \
names ending in \
those strings to\
 be incorrectly \
identified as im\
age files.\x0a\x0a## [\
0.7.3] - 2026-01\
-27\x0a### Added\x0a- \
Added binary bui\
lds for macOS In\
tel (x64) and Li\
nux on ARM (arm6\
4).\x0a- [Dev] Adde\
d `poe build` ta\
sk that automati\
cally calls the \
appropriate plat\
form-specific bu\
ild task.\x0a\x0a### C\
hanged\x0a- Release\
 archive filenam\
es now include O\
S and architectu\
re (e.g., `Detec\
torist-macos-arm\
64.zip`).\x0a- The \
binaries inside \
the archives inc\
lude the version\
 number (e.g., `\
Detectorist-0.7.\
3.app`).\x0a- [Dev]\
 Upgraded depend\
encies.\x0a\x0a## [0.7\
.2] - 2025-11-25\
\x0a### Added\x0a- Add\
 `Crop & Export \
& Remove selecte\
d Images` action\
 that allows to \
start a batch pr\
ocess that crops\
 and exports the\
 selected image(\
s) into a subfol\
der and also rem\
oves the image(s\
) from the list \
once it complete\
d.\x0a- Selected im\
ages can now be \
removed from the\
 list view via t\
he context menu \
or using the bac\
kspace keyboard \
shortcut.\x0a  - No\
te: The images a\
re just removed \
from the list vi\
ew in the UI, th\
e images on the \
filesystem are u\
ntouched. \x0a\x0a### \
Changed\x0a- The `C\
opy Filename to \
Clipboard` is no\
w called `Copy F\
ilenames to Clip\
board` because i\
t allows to copy\
 all of the sele\
cted filenames i\
nto the clipboar\
d.\x0a- Rename the \
`Reveal Image in\
 File Manager` a\
ction to `Locate\
 Image in Filema\
nager`.\x0a- [Dev] \
Move action defi\
nitions into the\
 .ui file.\x0a\x0a## [\
0.7.1] - 2025-11\
-20\x0a### Added\x0a- \
Add option to cr\
op to the most c\
entrally located\
 of all detected\
 objects.\x0a- Add \
option to set th\
e aspect ratio o\
f the crop to th\
e aspect ratio o\
f the detect fra\
me (\x22aspect rati\
o: same as detec\
tion frame\x22).\x0a- \
New context menu\
 for the image l\
ist view with th\
e following imag\
e specific actio\
ns:\x0a  - \x22Reveal \
Image in File Ma\
nager\x22 to easily\
 locate an image\
 in your native \
file manager (Fi\
nder, Explorer, \
etc), and\x0a  - \x22C\
opy Filename to \
Clipboard\x22 that \
copies the file \
name string of t\
he selected imag\
e to your clipbo\
ard.\x0a- File menu\
 item to clear t\
he image list.\x0a-\
 Navigating thro\
ugh the list of \
images using the\
 keyboard:\x0a  - W\
indows/Linux:\x0a  \
  - Ctrl+Up or C\
trl+Left: jump t\
o first image\x0a  \
  - Ctrl+Down or\
 Ctrl+Right: jum\
p to last image\x0a\
  - macOS:\x0a    -\
 \xe2\x8c\x98\xe2\xac\x86\xef\xb8\x8e or \xe2\x8c\
\x98\xe2\xac\x85\xef\xb8\x8e: jump to\
 first image\x0a   \
 - \xe2\x8c\x98\xe2\xac\x87\xef\xb8\x8e or \
\xe2\x8c\x98\xe2\x9e\xa1\xef\xb8\x8e: jump \
to last image\x0a\x0a#\
## Changed\x0a- Rem\
ove `Crop & copy\
 current image` \
because we now h\
ave the `Crop & \
export selected \
images`action.\x0a-\
 Rename `Sort im\
ages into folder\
s` action to `Gr\
oup images into \
folders` because\
 it groups image\
s by the detecte\
d object class.\x0a\
- Rename `save` \
actions to `expo\
rt` actions to c\
larify that the \
original images \
are not overwrit\
ten.\x0a- Adjust ke\
yboard shortcuts\
:\x0a  - Windows/Li\
nux:\x0a    - Shift\
+Ctrl+G: Group i\
mages into folde\
r\x0a    - Ctrl+E: \
Crop & Export se\
lected Images\x0a  \
  - Shift+Ctrl+E\
: Crop & Export \
all Images\x0a  - m\
acOS:\x0a    - \xe2\x87\xa7\xe2\
\x8c\x98G: Group image\
s into folder\x0a  \
  - \xe2\x8c\x98E: Crop &\
 Export selected\
 Images\x0a    - \xe2\x87\
\xa7\xe2\x8c\x98E: Crop & Ex\
port all Images\x0a\
\x0a## [0.7.0] - 20\
25-11-14\x0a### Add\
ed\x0a- New \x22Open I\
mage(s)...\x22 acti\
on at the File m\
enu to open and \
load selected fi\
les only (also w\
orks for droppin\
g slected files)\
.\x0a- Allow select\
ing a subset of \
the loaded image\
s to be cropped \
& saved.\x0a- Displ\
ay the GPS coord\
inates if availa\
ble in EXIF.\x0a- A\
llow text select\
ion in the EXIF \
info widget to b\
e able to copy t\
ext.\x0a\x0a### Change\
d\x0a- Shortcut to \
open/load folder\
s now is Ctrl+Sh\
ift+O, since Ctr\
l+O is for openi\
ng images within\
 folders.\x0a- Enha\
nced UI responsi\
veness by offloa\
ding image loadi\
ng and object de\
tection to a ded\
icated `Detectio\
nWorker` thread \
for asynchronous\
 processing.\x0a- R\
emember the last\
 opened director\
y for the curren\
t session (not p\
ersistent).\x0a- [D\
ev] Refactor Ima\
geObject subclas\
ses into dedicat\
ed files and let\
 them handle EXI\
F individually.\x0a\
- [Dev] Adopt pi\
exif to handle E\
XIF and remove t\
he now unused ex\
ifread dependenc\
y.\x0a\x0a### Fixed\x0a- \
When auto correc\
ting the exposur\
e for a cropped \
image, also rese\
t the ExposureBi\
asValue in the E\
XIF.\x0a- Fix UI la\
yout for the cro\
p settings.\x0a\x0a## \
[0.6.2] - 2025-1\
1-06\x0a### Changed\
\x0a- The `Tools` m\
enu is now calle\
d `Actions` to m\
ake it clearer t\
hat its entries \
trigger immediat\
e actions.\x0a- Ena\
ble the auto cor\
rect camera expo\
sure bios functi\
onality by defau\
lt.\x0a- Add '_crop\
' to the name of\
 the resulting f\
ile when croppin\
g images.\x0a- [Dev\
] Clarify bit de\
pth handling for\
 HEIF images.\x0a- \
[Dev] Use contex\
t manager when l\
oading EXIF data\
 from PIL images\
.\x0a- [Dev] Update\
 dependencies.\x0a\x0a\
### Fixed\x0a- Memo\
ry leak when cro\
pping HEIF image\
s (fixed with up\
grading pillow-h\
eif).\x0a- Progress\
 bar visibility \
when cropping mu\
ltiple images (f\
ixed with pyside\
6 upgrade).\x0a- Ig\
nore exposure co\
mpensation reque\
sts for images t\
hat don't have t\
he ExposureBiasV\
alue data presen\
t in their EXIF.\
\x0a\x0a## [0.6.1] - 2\
025-11-03\x0a### Ad\
ded\x0a- Support to\
 automatically a\
djust the exposu\
re when cropping\
 images to corre\
ct for any expos\
ure bias present\
 in the EXIF dat\
a.\x0a- Add support\
 for palette-bas\
ed images such a\
s GIFs.\x0a\x0a### Cha\
nged\x0a- [Dev] Mov\
e the detectoris\
t sources into a\
 `src` directory\
 and:\x0a  - Use re\
lative imports w\
ithin the packag\
e (e.g., from .m\
odule import ...\
).\x0a  - Use absol\
ute imports for \
entry points or \
scripts (e.g., f\
rom detectorist.\
module import ..\
.).\x0a\x0a### Fixed\x0a-\
 Support for han\
dling 8 bit CMYK\
 images.\x0a\x0a## [0.\
6.0] - 2025-10-3\
1\x0a### Added\x0a- Di\
splay Exposure C\
ompensation for \
a loaded image f\
rom its EXIF dat\
a.\x0a- Display the\
 Bits Per Channe\
l (color depth) \
of the loaded im\
age.\x0a- Add suppo\
rt for 16 bit st\
andard image fil\
es (e.g. 16 bit \
PNG).\x0a- [Dev] Sw\
itch from Pillow\
 to OpenCV to su\
pport 16 bit sta\
ndard image file\
s.\x0a\x0a### Changed\x0a\
- UI space for E\
XIF data expands\
 to display more\
 contents (if th\
e app window siz\
e is increased v\
ertically).\x0a- [D\
ev] Refactor ima\
ge data loading/\
holding/saving l\
ogic to make it \
more robust and \
universal.\x0a\x0a### \
Fixed\x0a- Drag & d\
rop for images.\x0a\
\x0a## [0.5.1] - 20\
25-10-02\x0a### Add\
ed\x0a- Support loa\
ding 4 channel C\
MYK JPG images.\x0a\
- [Dev] Add ruff\
 for linting.\x0a\x0a#\
## Changed\x0a- [De\
v] GitHub Action\
s, pull models u\
sing git-lfs for\
 releases only.\x0a\
- [Dev] Remove u\
nused code.\x0a\x0a## \
[0.5.0] - 2025-0\
9-22\x0a### Added\x0a-\
 Add option to c\
rop all detected\
 objects into ne\
w (cropped) imag\
es.\x0a- Support fo\
r additional cro\
p aspect ratios.\
\x0a\x0a### Changed\x0a- \
When the crop re\
ctangle is large\
r than the image\
, the center poi\
nt of is now pre\
served to preven\
t the cropping f\
rame from shifti\
ng away (in case\
 the padding is \
increased).\x0a\x0a###\
 Fixed\x0a- Allow t\
he about dialog \
to change its si\
ze so the conten\
t always fits (e\
.g. when differe\
nt fonts are use\
d).\x0a- In case a \
new folder is op\
ened that doesn'\
t contain any su\
pported images, \
any previous det\
ection infos are\
 cleared.\x0a\x0a## [0\
.4.2] - 2025-09-\
18\x0a### Changed\x0a-\
 Minimum allowed\
 confidence thre\
shold is 1 inste\
ad of 0.\x0a- Remov\
e the NMS slider\
 & spin-box, and\
 use a default o\
f 0.4.\x0a\x0a### Fixe\
d\x0a- When process\
ing multiple ima\
ges, ensure that\
 the progress di\
alog is closed w\
hen the action h\
as been complete\
d or canceled.\x0a\x0a\
## [0.4.1] - 202\
5-09-15\x0a### Adde\
d\x0a- Build ELF bi\
nary for Linux x\
64.\x0a\x0a### Changed\
\x0a- [Dev] Poe tas\
ks now depend on\
 building the `.\
ui` and `.qrc` f\
iles.\x0a\x0a### Fixed\
\x0a- Handle images\
 with alpha chan\
nels - this fixe\
s loading PNGs.\x0a\
\x0a## [0.4.0] - 20\
25-09-11\x0a### Add\
ed\x0a- Additional \
model for detect\
ing bees in imag\
es.\x0a- Re-run obj\
ect detection wh\
en the model is \
changed.\x0a- [Dev]\
 Add poe ruff ta\
sk.\x0a\x0a### Changed\
\x0a- [Dev] Track m\
odel files with \
git lfs.\x0a- Updat\
e model for fish\
 detection that \
works better for\
 images with mul\
tiple fish.\x0a\x0a## \
[0.3.4] - 2025-0\
9-10\x0a### Changed\
\x0a- [Dev] Simplif\
y build process \
of the binary di\
stributables.\x0a\x0a#\
## Fixed\x0a- Fixed\
 instructions to\
 build distribut\
ables.\x0a- [Window\
s] Ensure the sp\
lash screen disa\
ppears when the \
main application\
 window starts.\x0a\
\x0a## [0.3.3] - 20\
25-09-07\x0a### Add\
ed\x0a- When proces\
sing multiple im\
ages, write a lo\
g file to the ou\
tput directory p\
roviding informa\
tion about the d\
etections.\x0a- [De\
v] Added ruff fo\
r linting.\x0a\x0a### \
Changed\x0a- Name o\
f the output dir\
ectory changed (\
example: `detect\
orist_conf-75_fi\
sh-detect-2025-0\
8-01`).\x0a- [Dev] \
Migrate from PEP\
 621-style depen\
dencies to PEP 6\
95 dependency-gr\
oups.\x0a\x0a### Fixed\
\x0a- [Dev] Consist\
ent code formatt\
ing.\x0a\x0a## [0.3.2]\
 - 2025-09-06\x0a##\
# Added\x0a- Displa\
y the class of t\
he detected obje\
ct in the toolti\
p.\x0a- Support for\
 sorting images \
into sub folders\
 that are named \
after the detect\
ed object class \
using the corres\
ponding action i\
n the Tools menu\
.\x0a\x0a### Fixed\x0a- I\
nformation corre\
cted in the Abou\
t dialog.\x0a\x0a## [0\
.3.1] - 2025-09-\
05\x0a### Fixed\x0a- E\
nsure the croppi\
ng rectangle alw\
ays fits the ima\
ge and maintains\
 aspect ratio.\x0a-\
 Ensure the obje\
ct bounding box \
always stays wit\
hin the image bo\
undaries.\x0a\x0a## [0\
.3.0] - 2025-09-\
02\x0a### Changed\x0a-\
 Renamed the pro\
ject to Detector\
ist.\x0a\x0a## [0.2.1]\
 - 2025-08-30\x0a##\
# Added\x0a- Initia\
l [FAQ](FAQ.md) \
added.\x0a\x0a### Chan\
ged\x0a- Improved t\
he GitHub action\
s build & releas\
e workflow.\x0a\x0a###\
 Fixed\x0a- Fixed t\
he macOS app bun\
dle build and bi\
nary release.\x0a\x0a#\
# [0.2.0] - 2025\
-08-29\x0a### Added\
\x0a- Cropping feat\
ure to save dete\
cted objects as \
separate images.\
\x0a- Configurable \
aspect ratios (3\
:2, 4:4, 16:9) a\
nd padding for c\
ropped images.\x0a-\
 Confidence scor\
es are now shown\
 as tooltips whe\
n hovering over \
bounding boxes.\x0a\
- Object detecti\
on information i\
s displayed in t\
he UI.\x0a- The nat\
ive file explore\
r is opened to s\
how the cropped \
images after the\
 crop action is \
finished.\x0a- Simp\
le About dialog \
added with link \
to the project p\
age.\x0a\x0a### Change\
d\x0a- The \x22Crop\x22 a\
ctions have been\
 moved into a de\
dicated \x22Tools\x22 \
menu.\x0a- Reworked\
 path handling f\
or cropping to b\
e more robust.\x0a-\
 Refactored `Ima\
ge` to `ImageObj\
ect` and `Exif` \
to `ExifWrapper`\
 for better code\
 organization.\x0a-\
 Updated depende\
ncies to their l\
atest versions.\x0a\
\x0a### Fixed\x0a- Sup\
port for RAW ima\
ge files has bee\
n fixed.\x0a- Cropp\
ing of non-HEIF \
images is now co\
rrectly handled \
using PIL.\x0a- The\
 \x22Crop & Save Al\
l\x22 action now wo\
rks correctly ev\
en if the curren\
tly displayed im\
age has no detec\
tions.\x0a\x0a## [0.1.\
3] - 2025-08-15\x0a\
### Changed\x0a- Mi\
grated GitHub Ac\
tions to use `as\
tral-sh/setup-uv\
@v6` and `action\
s/upload-artifac\
t@v4`.\x0a\x0a### Fixe\
d\x0a- Resolved pro\
blem with the Wi\
ndows build proc\
ess.\x0a- Fixed the\
 release packagi\
ng.\x0a\x0a## [0.1.2] \
- 2025-08-15\x0a###\
 Added\x0a- Drag & \
drop support for\
 folders and ima\
ges.\x0a- Added a G\
itHub Actions wo\
rkflow for autom\
ated builds.\x0a\x0a##\
 [0.1.1] - 2025-\
08-12\x0a### Added\x0a\
- Display select\
ed EXIF data.\x0a\x0a#\
# [0.1.0] - 2025\
-08-01\x0a### Added\
\x0a- Initial relea\
se with MVP func\
tionality.\x0a- Ima\
ge browser with \
navigation added\
.\x0a- Basic object\
 detection using\
 an ONNX model.\x0a\
- Support for PN\
G, JPG, BMP, HEI\
C/HEIF, and Sony\
 RAW (.ARW) imag\
es.\
\x00\x00v\x07\
\x89\
PNG\x0d\x0a\x1a\x0a\x00\x00\x00\x0dIHDR\x00\
\x00\x02\x00\x00\x00\x02\x00\x08\x06\x00\x00\x00\xf4x\xd4\xfa\
\x00\x00\x00\x09pHYs\x00\x00\x07a\x00\x00\x07a\
\x01\x95\xc3\xb8\xb6\x00\x00\x00\x19tEXtSof\
tware\x00www.inksca\
pe.org\x9b\xee<\x1a\x00\x00 \x00ID\
ATx\x9c\xec\xbdy\xb0\x5c\xd7}\xdf\xf9=w\xe9\
\xdb{\xf7[\xb1\x03\x04A\x91\x14I\x80\xbb\xb8\xca\xda\
-\x89\x22)i2\x92=\xb6\xc7\x19'q4S\xe5\
\x9aL\x92\x998\xc9L\x92qj<\x89kj\xa6j\
\xfer\xe2\x19;vb'3V\xaa\xa6bQ\x22e\
K\x16-\x02\x04A\x02\x94\x08p\x117\x10\x00\x09<\
\x00o\xed}\xbb\xf7\x9e\xf9\xa3_?\xbc\xe5v\xf7\xb9\
\xe7\x9e{o\xf7{\xbfO\x95\x8a\xd0\xeb\xee\xd3\xbfw\
\xde\xed\xfe\xfc\xeeY~\x87q\xceA\x84\xc7WO\x9c\
\xc89\x16;\xc4\xb8{\x98i\xdaM\xe0\xd8\x0d\xf0)\
@\x9b\xe9\xfe\x17S\x00\xd2\xe0\xc8\x82\xc1\x5c}Y\x11\
\x00\x93z\xc3\xb5?\xa7\xdc\xcbcc\xc8e\x18\xddU\
*\xd1o\xe3\xfc\x11R\x1a\xfb\xf0\xbeS\xf6v\xdb\xae\
\xcf\xc7\xe0\xf3\xca=\xff\xe9\xe7\xd5+\xab\xff\xee\x00\xa8\
\x02\xac\xc6\x81E\x06,\x02|\x81s,h\x1a\xae\xb9\
.\xbb\xa0i\xec\x83Z\xbbz\xe1G\x9f\xfetUA\
\xe4D\x1f\x18%\x00j\xf8\xd2\xc9\x93\x93\xa6\xe9\x1cc\
L;\xca\x80\xa3\x9c\xe3n\x00G\xd0\x15|4\x90\xfc\
\x03B\xf2\x97\x87\xe4/\xc4\xce\x94\x7f\x10\x16\x00\xbc\xcf\
8?\xeb2vV\xe7\xee\xeb\x1c\xf6k\xcf<\xfe\xf8\
r\xb4alO(\x01\x90\xe03\xcf?o\xe4r\xc9\
c\x80\xfb\x188\x1e\x01\xf0\x18\x80\x83\xb1\x06E\xf2\x0f\
\x08\xc9_\x1e\x92\xbf\x10$\x7f\x95\x5c\x04\xd8\x09\x0ev\
\x921~<s\xf9\xc2\xb9?\xfd\xc67\x9c\xb8\x83\x1a\
7(\x01\x10\xe4\xe93'o\x07w\xbf\xcc8\xfb\x22\
gx\x0c@6\xee\x98\xd6 \xf9\x07\x84\xe4/\x0f\xc9\
_\x08\x92\xbfb\xb6\xf4]\x05\xc0\x09\x06\xf6}\x07x\
\xf6\xd9\xc7\x1ex;\x86\xa0\xc6\x0eJ\x00\xfa\xf0\xcd7\
\xdfL4\xea\xcb\x9f\xd7\xa0=\xc5\x19\xff\x128n\x8a\
;&OH\xfe\x01!\xf9\xcbC\xf2\x17\x82\xe4\xaf\x18\
\x81\xbe\xe3\xf8\x00\x9c}\x9fk\xf8\xb3\xebI\xf6\x83\xd3\
\xf7\xdf\xdf\x09?\xae\xf1\x83\x12\x80u|\xf3\xdb\xdf\xd6\
\x9b7\xef}\x04.\xfb\x06\x80_\x04\xc3l\xdc1\x0d\
\x84\xe4\x1f\x10\x92\xbf<$\x7f!H\xfe\x8a\x11\x92\xff\
\xe6\xd7,\x03\xee3\x1c\xec\xdb\xd7S\xdas\x94\x0c\xdc\
\x80\x12\x00\x00_;s\xf2\xa8\xeb\xf2\xbf\x05\x86_F\
\x94\x8b\xf6\x82@\xf2\x0f\x08\xc9_\x1e\x92\xbf\x10$\x7f\
\xc5\xc8\xc8\x7f\x0b\x0b\x00\xfe\x84i\xec\xff~\xe6\xd1\x07\
^\x0f\x1e\xd3x\xb3c\x13\x80\xcf<\xff|2\x9f\xb3\
\x9er\xb9\xfb\xb7\x19\xd8\xe7\xe3\x8e\xc7\x17$\xff\x80\x90\
\xfc\xe5!\xf9\x0bA\xf2W\x8c\x12\xf9on\xf3\x0c\x03\
~\xaff\xa7\xff\xfd\x8f>}\xc7\x8e\xdcn\xb8\xe3\x12\
\x80\xbfv\xe6\x85=6\xd7\xbf\xc5\x81\xff\x16\xc0D\xdc\
\xf1\xf8\x86\xe4\x1f\x10\x92\xbf<$\x7f!H\xfe\x8a\x09\
C\xfe\x1b\xa8\x00\xf87:\xd3\xfe\xf7?{\xec\xfeK\
\x81Z\x1a3vL\x02\xf0\x95W^\xbcG\xd7\xf1\xf7\
\xe0\xe2\x17\x81\xb5\x82;\xe3\x05\xc9? $\x7fyH\
\xfeB\x90\xfc\x15\x13\xba\xfc\xd7\xe3\x02\xf8\x1eg\xeeo\
\x7f\xef\xb1\x87^R\xd6\xea\x08\xb3\xed\x13\x80\xaf\x9d9\
\xfe\x90\x0b\xed\x9f\x03\xf8\xf9\x11\xbb\xb2\xfdA\xf2\x0f\x08\
\xc9_\x1e\x92\xbf\x10$\x7f\xc5D*\xff\xcd<\xe7j\
\xf8\xa7\xcf>\xfa\xe0+\xa1\xbd\xc3\x08\xb0m\x13\x80\xaf\
\x9d9y\xd4\x05\xff'\x00\xfes\x00l\xc4\xael\x7f\
\x90\xfc\x03B\xf2\x97\x87\xe4/\x04\xc9_1\xb1\xca\x7f\
=?`p\xff\xe13\x8f?t&\x92w\x8b\x98m\
\x97\x00<y\xfa\xf8\xcd:\xd3~\x87\x03\x7f\x0d\xbd\xab\
h\x9c\x7fE\x92\x7f@H\xfe\xf2\x90\xfc\x85 \xf9+\
fd\xe4\xbf\xee\xdd\xd8\x7f\xd4]\xf77\xff\xec\xe7>\
\xf1A\xa4\xef\x1c2\xdb&\x01\xf8\xe2\xd9?\xcf$\xdb\
\xd9\xff\x813\xfc&\x80\xe4\xda\x03\xe3\xfc\xeb\x91\xfc\x03\
B\xf2\x97\x87\xe4/\x04\xc9_1#'\xff\xf5\xb4\x01\
\xfc+n\xba\xff\xe4{\x0f=T\x8e-\x0a\x85\x8c}\
\x02\xc0\x00\xf6\xf4\xe9\x93\xbf\xc6\x99\xfb\xdb\x00\xdb\xbd\xe1\
\xc1q\xfe\xd5H\xfe\x01!\xf9\xcbC\xf2\x17\x82\xe4\xaf\
\x98\x91\x96\xffz\xe6\x18\xe3\xff\xe8\xbb\x8f}\xe2\xdf\xf2\
Q\x89H\x92\xb1N\x00\xbe~\xe6\xc5#\x0e\xf0{\x00\
>\xbb\xe5\xc1\xf1\xfd\xb5H\xfe\x81!\xf9\xcbC\xf2\x17\
\x82\xe4\xaf\x98\xb1\x91\xff\x1a\x0c\xfc\xb8\xa6\xeb\xbf\xfeg\
\x8f\xdc\xff\xb3\xb8c\x91e,\x13\x80\xeei|\x89\xbf\
\x0f\xe0\x7f\xc6\xfa\xe1\xfe\x1e\xe3\xf7+\xdd\x80\xe4\x1f\x10\
\x92\xbf<$\x7f!H\xfe\x8a\x19?\xf9\xaf\xa3\x09\xf0\
\xdf\xc9Lf\xff\xd7?\xbd\xe3\x8ev\xdc\xc1\xf8e\xec\
\x12\x80\xaf\xbc\xf2\xe2=\xba\xc6\xff\x08`\xc7<\x9f0\
^\xbf\xceFH\xfe\x01!\xf9\xcbC\xf2\x17\x82\xe4\xaf\
\x98\xb1\x96\xffz^s\xb9\xfb\xab\xcf~\xf2\xa1\xb3q\
\x07\xe2\x07-\xee\x00Da\x00\xfb\xea\x99\x93\x7fG\xd7\
\xf0\x12\xc9\x7f\x84 \xf9\xc7\x03\xc9?zH\xfe\x8a\xd9\
6\xf2\x07\x80\xbb5\xa6\xbd\xfc\xe4\xf1\x97\x7f\xf3\xb7\xc6\
\xc9\xab\xe30\x02\xf0\xd5S\xa7vq\xd3\xfd7\xe0\xfc\
\xcb}\x9f4\xfa\xbfF\x7fH\xfe\x01!\xf9\xcbC\xf2\
\x17\x82\xe4\xaf\x98m%\xff\x8dp\xfc@3\xec\xff\xea\
;\x8f<r9\xeeP\x861\xf2\x09\xc0S\xa7O<\
\xc1\x18\xfb\xb7\x18tJ\xdfh\xff\x0a\x83!\xf9\x07\x84\
\xe4/\x0f\xc9_\x08\x92\xbfb\xb6\xb5\xfc{,0\xf0\
_y\xe6\x93\x9f\xf8~\x8c\xd1\x0ced\x87*\x18\xc0\
\x9e>\xf3\xe2o2\xc6\xbe\x03\x92\xffhA\xf2\x8f\x07\
\x92\x7f\xf4\x90\xfc\x15\xb3#\xe4\x0f\x00\xd3\x1c\xec\xd9'\
~|\xfa_\x8e\xf2\x94\xc0H\x8e\x00<q\xeaT\xde\
4\xec?\xe4`_\x1f\xf8\xc4\xd1\x0b]\x1c\x92\x7f@\
H\xfe\xf2\x90\xfc\x85 \xf9+f\xc7\xc8\x7f\x13\xec\xbb\
\x8c5\xff\xcbg\x1e\x7f|9\xaapD\x19\xb9\x04\xe0\
\xab\xa7O\xdc\xc6\x19{\x06\xc0-\x03\x9f8Za\xfb\
\x83\xe4\x1f\x10\x92\xbf<$\x7f!H\xfe\x8a\xd9\xa9\xf2\
_\xe3]0\xfe\xe4w\x1f\xff\xc4;!G\xe3\x8b\x91\
\x1a\x9a\xf8\xda+'\x1f\xe5\x8c\x1d\x07\xc9\x7f\xf4 \xf9\
\xc7\x03\xc9?zH\xfe\x8a\xd9\xf1\xf2\x07\x80\x8f\x81\xb3\
\x93O\xbc\xf0\xca\xa7B\x8c\xc67#\x93\x00|\xf5\xcc\
\xc9o\xb8\x1a\xff!\x80\xe9\x81O\x1c\xd7\x0b\x05 \xf9\
\x07\x86\xe4/\x0f\xc9_\x08\x92\xbfbH\xfe\xeb\x98d\
\xc0\xf7\x9f\xf8\xf1+\xbf\x1cB4R\x8cD\x02\xf0\xf4\
\xab'\xfe1\x07\xff\x7f\xe1U\xd5o=\xe3z\xa1\x00\
$\xff\xc0\x90\xfc\xe5!\xf9\x0bA\xf2W\x0c\xc9\xdf\x03\
\x8b1\xfc\xbb'^x\xf9\x1f(\x8cF\x9a\xd8\x13\x80\
\xa7\xcf\x9c\xfc-p\xf6\xdb\x18v\xb5\x8c\xeb\x85\x02\x90\
\xfc\x03C\xf2\x97\x87\xe4/\x04\xc9_1$\xff\x010\
\x06\xf6;O\xfc\xf8\xf4\xbfT\x10M\xb0@\xe2Z\x04\
\xc8\x00\xf6\xd4\xe9\x13\xff\x07\x18\xfb\xef\x86>y\x5c/\
\x14\x80\xe4\x1f\x18\x92\xbf<$\x7f!H\xfe\x8a!\xf9\
\x8b\xc2\x80\xdf}\xf0\x93\x0f\xfe\xc6?\x03\x5c\xb5-\x0b\
\xbe\x7f\x1c\x09\xc07\xbf\xfdm\xbdyx\xdf\xff\x05\x86\
_\x1b\xfa\xe4q\xbdP\x00\x92\x7f`H\xfe\xf2\x90\xfc\
\x85 \xf9+\x86\xe4\xef\x1b\xc6~?3\xf7\xc1\xb7\xfe\
\xf4\x1b\xdfpBz\x87\xbeD>\x05\xc0\x00\xd6\xbay\
\xdf\xef\x92\xfcG\x14\x92\x7f<\x90\xfc\xa3\x87\xe4\xaf\x18\
\x92\xbfd\xdb\x7f\xb3\xba\xfb\xa6\xdf\x8f\xa3`P\xe4o\
\xf8\xd4\x99\x17\xff7\x0e\xfc\xfa\xd0'\x8e\xeb\x85\x02\x90\
\xfc\x03C\xf2\x97\x87\xe4/\x04\xc9_1$\x7f9\xd8\
j\xf3\xec\xaf\x9fz\xe1\xf4\xff\x19\xe6;y\x11i\x02\
\xf0\xf4\x99\x13\xff\x02\xc0\xdf\x1f\xfa\xc4q\xbdP\x00\x92\
\x7f`H\xfe\xf2\x90\xfc\x85 \xf9+\x86\xe4/\x07\xdb\
\xdc\xfco<\xf1\xe3\xd3\xffK\x98\xef\xb8\x99\xc8\x12\x80\
\xa7_=\xf1\x8f\x01\xf6\x0f\x87>q\x5c/\x14\x80\xe4\
\x1f\x18\x92\xbf<$\x7f!H\xfe\x8a!\xf9\xcb\xb1E\
\xfe\xbd\x1f\xff\x8fO\xbcp:\xb2-\x82\x91,\x02|\
\xea\xd5\x13\xbf\xc08\xfb\x0f\xa0\xad~\xa3\x07\xc9?\x1e\
H\xfe\xd1C\xf2W\x0c\xc9_\x8e>\xf2_\xf7\xee\x1c\
\xfcW\x9f\xfd\xe4\x83\x7f\x1cf\x14@\x04\x09\xc0\x93\xaf\
\x9e\xf8\xa4\xc6\xd9_\x00\xb0\x06>q\x5c/\x14\x80\xe4\
\x1f\x18\x92\xbf<$\x7f!H\xfe\x8a!\xf9\xcb1T\
\xfe=\xda\x9a\xcb\xbe\xf4\xcc\xa7\xee\xffQ\xa8\xd1\x84\x99\
\x00|\xfd\xcc\x8bG\x1c\xe0$\x80\x99\x81O\x1c\xd7\x0b\
\x05 \xf9\x07\x86\xe4/\x0f\xc9_\x08\x92\xbfbH\xfe\
r\x08\xcb\xbf\xc7\x22c\xee\xa3a\x1e \x14\xda\x1a\x80\
\xaf\xff\xf4\xf9\xa2\x03<\x07\x92\xff\xe8A\xf2\x8f\x07\x92\
\x7f\xf4\x90\xfc\x15C\xf2\x97\xc3\xb7\xfc\x01`\x8as\xed\
;_\xf8\xc1\x99\x82\xfax\xba\x84\x92\x00\xfc\x16\xa09\
N\xe2\x8fA\xa7\xfa\x8d\x1e$\xffx \xf9G\x0f\xc9\
_1$\x7f9\xa4\xe4\xdf\xe3V3\xc1\xff]X5\
\x02Bi\xf4\xd5\xd3/\xfeS\x00_\x19\xf8\xa4q\xbd\
P\x00\x92\x7f`H\xfe\xf2\x90\xfc\x85 \xf9+\x86\xe4\
/G \xf9\xf7\x9ax\xea\xd4\xf1\xd3\xffHE4[\
\x9aV\xbd\x06\xe0\xab\xa7O|\x813\xf6,\x00\xbd\xef\
\x93\xc6\xf5B\x01H\xfe\x81!\xf9\xcbC\xf2\x17\x82\xe4\
\xaf\x18\x92\xbf\x1c\x0a\xe4\x7f\x03\x17\x1a\x9e\xfc\xdec\x0f\
<\xab\xaeI\xc5\x09\xc0S\xaf\x9d\xdc\xc7l\xfe\x1a\x80\
\xa9\xbeO\x1a\xd7\x0b\x05 \xf9\x07\x86\xe4/\x0f\xc9_\
\x08\x92\xbfbH\xfer(\x95\x7f\x8f\x05\x17\xec\xd8s\
\x9f\xbc\x7fNU\x83\xca\xa6\x00~\x0b\xd0X\x87\xff\x11\
H\xfe\xa3\x05\xc9?\x1eH\xfe\xd1C\xf2W\x0c\xc9_\
\x8eP\xe4\x0f\x00\xd3\x1a\xe3\x7f\xc4\x14^\xd4\xca\x12\x80\
3gN\xfe=0|\xae\xef\x13\xc6\xf5B\x01H\xfe\
\x81!\xf9\xcbC\xf2\x17\x82\xe4\xaf\x18\x92\xbf\x1c\xa1\xc9\
\xbf\x8b\x8b/|\xf9\x85\xd3\x7fGUsJ\xa6\x00\x9e\
<\xfd\xe2]\x1a\xc3+\x00\x92\x9eO\x18\xd7\x0b\x05 \
\xf9\x07\x86\xe4/\x0f\xc9_\x08\x92\xbfbH\xfer\x84\
,\xff\x1b\x8d\xb7\x5c\xcd}\xe8\xb9\xc7?\xf1Z\xd0&\
\x03\x8f\x00|\xeb\xcc\x19Sc\xfcO@\xf2\x1f\x1dH\
\xfe\xf1@\xf2\x8f\x1e\x92\xbfbH\xferD&\x7f\x00\
\xb04W\xfb\xc3\xcf<\xff\xbc\x11\xb4\xd9\xc0\x09\xc0\x15\
\xb4~\x13`\xc7<\x1f\x1c\xd7\x0b\x05 \xf9\x07\x86\xe4\
/\x0f\xc9_\x08\x92\xbfbH\xferD*\xff\x1e\xf7\
\xa4\xb4\xdc\xf0\x93u\x87\x10h\x0a\xe0+/\x1f\xbfU\
\xd7\xb5\xd7\xe0u\xf7?\xae\x17\x0a@\xf2\x0f\x0c\xc9_\
\x1e\x92\xbf\x10$\x7f\xc5\x90\xfc\xe5\x88E\xfe=Z\x8e\
\xcb\xee\xf9\xfe\xa7\xef\xff\x99l\xf3\xd2#\x00\x0c`\xba\
\xae\xfd.H\xfe\xa3\x01\xc9?\x1eH\xfe\xd1C\xf2W\
\x0c\xc9_\x8eX\xe5\x0f\x00\x96\xae\xf1\x7f\x15dW\x80\
t\x02\xf0\xf4\xe9\x93\xbf\x06\xe0\xb3[\x1e\x18\xd7\x0b\x05\
 \xf9\x07\x86\xe4/\x0f\xc9_\x08\x92\xbfbH\xfer\
\xc4.\xff\x1e\x9fz\xe2\xafN\xff\x8a\xec\xdbHM\x01\
|\xf5\xc4\x89\x1cO\xb2\xb7\x01\xec\xd9\xf0\xc0\xb8^(\
\x00\xc9?0$\x7fyH\xfeB\x90\xfc\x15C\xf2\x97\
cd\xe4\xdf\xe3\xaa\xa9\xb7n\xfdO\x8f=V\xf1\xfb\
B\xa9\x11\x007\xc5\xfe'\x90\xfc\xe3\x87\xe4\x1f\x0f$\
\xff\xe8!\xf9+\x86\xe4/\xc7\xc8\xc9\x1f\x00v\xdbN\
\xe2\x1f\xc8\xbc\xd0\xf7\x08\xc0\x93\xa7\x8f\xdf\xac1\xedM\
\x00\xd6\xda\x0f\xc7\xf5B\x01H\xfe\x81!\xf9\xcbC\xf2\
\x17\x82\xe4\xaf\x18\x92\xbf\x1c#)\xff\x1eM\xee\xda\x1f\
\x7f\xf6\xd3\x0f_\xf0\xf3\x22\xdf#\x00:\xd3~\x07$\
\xffx!\xf9\xc7\x03\xc9?zH\xfe\x8a!\xf9\xcb1\
\xd2\xf2\x07\x80$c\xc6\xbf\xf0\xfb\x22_#\x00O\x9f\
y\xe9>\xc0=\x8d\xdeU4\xae\x17\x0a@\xf2\x0f\x0c\
\xc9_\x1e\x92\xbf\x10$\x7f\xc5\x90\xfc\xe5\x18y\xf9\xaf\
\xb5\xe4j\xee\xbd~*\x04\xfa\x1c\x01p\xff9H\xfe\
\xf1A\xf2\x8f\x07\x92\x7f\xf4\x90\xfc\x15C\xf2\x97cl\
\xe4\x0f\x00Ls\xf5\x7f\xe6\xeb\x05\xa2#\x00_\xfd\xc9\
\x89\x07\xb8\xcb^F\xe8=\x122$\xff\x80\x90\xfc\xe5\
!\xf9\x0bA\xf2W\x0c\xc9_\x8e\xb1\x92\xffZ\xab\x9c\
\xf3\x87\x9e\xfd\xd4\x83\xaf\x88<Yx\x04\x80\xbb\xec\xb7\
A\xf2\x8f\x07\x92\x7f<\x90\xfc\xa3\x87\xe4\xaf\x18\x92\xbf\
\x1cc)\x7f\x00`\x1ac\xc2\xa3\x00B#\x00O\xbe\
z\xfc~\x8dk\xa7\xc7\xf6B\x01H\xfe\x81!\xf9\xcb\
C\xf2\x17\x82\xe4\xaf\x18\x92\xbf\x1cc+\xff\xf5\xdc\xf7\
\xbd\x9f{\xe0'\xc3\x9e$4\x02\xc0\xa0\xfd\xf7c{\
\xa1\x00$\xff\xc0\x90\xfc\xe5!\xf9\x0bA\xf2W\x0c\xc9\
_\x8em!\x7fp\x86\xbf+\xf2\xbc\xa1#\x00O\x9c\
:\xb5\xdf\xd0\x9d\xf3\x00L\x15\x81E\x0e\xc9? $\
\x7fyH\xfeB\x90\xfc\x15C\xf2\x97c{\xc8\x7f\x95\
\x8e\x03~\xe4\xfb?\xf7\xe0\x87\x83\x9e4t\x04\xc0\xd4\
\x9d\xbf\x0b\x92\x7f\xb4\x90\xfc\xe3\x81\xe4\x1f=$\x7f\xc5\
\x90\xfc\xe5\xd8V\xf2\x07\x00Sg\xec7\x86=i\xe0\
\x08\xc07\xdf|>\xdb\xac'>\x02PP\x19Y$\
\x90\xfc\x03B\xf2\x97\x87\xe4/\x04\xc9_1$\x7f9\
\xb6\x9d\xfc{\xac8\xcd\xc4\xfe\xef\xff\xfc\xb1Z\xbf'\
\x0c\x1c\x01h\xd6\xcd_\x00\xc9?:H\xfe\xf1@\xf2\
\x8f\x1e\x92\xbfbH\xferl[\xf9\x03@QK\xb5\
\xbe1\xe8\x09C\xa6\x00\xb4_W\x19M$\x90\xfc\x03\
B\xf2\x97\x87\xe4/\x04\xc9_1$\x7f9\xb6\xb5\xfc\
\x01\x00\x8c\xb3\xbf5\xf8\xf1>S\x00_;s\xf2\xa8\
\xcb\xf9\xd9P\xa2\x0a\x0b\x92\x7f@H\xfe\xf2\x90\xfc\x85\
 \xf9+\x86\xe4/\xc7\xf6\x97\x7f\x0fW\xe7w=\xf7\
\xd8\x83ox=\xd6w\x04\xc0\xe5|\xbc\xee\xfeI\xfe\
\x01!\xf9\xcbC\xf2\x17\x82\xe4\xaf\x18\x92\xbf\x1c;G\
\xfe\x00\xc0\x5c\xf67\xfa=\xe6\x99\x00|\xeb\xcc\x19\x13\
\xc0/\x85\x16\x91jH\xfe\x01!\xf9\xcbC\xf2\x17\x82\
\xe4\xaf\x18\x92\xbf\x1c;K\xfe\x00\xc08\xff\x95o~\
\xfb\xdb\xba\xd7c\x9e\x09\xc0U\xb7\xfd9\x00S\xa1F\
\xa5\x0a\x92\x7f@H\xfe\xf2\x90\xfc\x85 \xf9+\x86\xe4\
/\xc7\xce\x93\x7f\x176[\xd9}\xd3\xa7\xbd\x1e\xf1L\
\x008\xe3\xdf\x0c5\x1eU\x90\xfc\x03B\xf2\x97\x87\xe4\
/\x04\xc9_1$\x7f9v\xaa\xfc\xbb0\xce<\x9d\
\xbee\x11\xe0\xb7\xce\x9c1\xe7x\xeb*\x80\xc9(\x02\
\x93\x86\xe4\x1f\x10\x92\xbf<$\x7f!H\xfe\x8a!\xf9\
\xcb\xb1\xb3\xe5\xbf\xcaB\xc3\xad\xee\xf9\xd1\xa7?m\xaf\
\xff\xe1\x96\x11\x80+\xbc\xf9\x05\x90\xfc\xc3\x81\xe4\x1f\x0f\
$\xff\xe8!\xf9+\x86\xe4/\x07\xc9\x7f\x95\xe9\x94\x96\
\xfb\xec\xe6\x1fnI\x00\x18\xf0t4\xf1HB\xf2\x0f\
\x08\xc9_\x1e\x92\xbf\x10$\x7f\xc5\x90\xfc\xe5 \xf9o\
\x84?\xb5\xf9'\x1ek\x00\xb4\x9f\x8f\x22\x14)H\xfe\
\x01!\xf9\xcbC\xf2\x17\x82\xe4\xaf\x18\x92\xbf\x1c$\xff\
\xcd0\xe0+\x9b\x7f\xb6!\x01x\xf2\xd5\x97>\x0e\xf0\
\xc3\xd1\x85\xe4\x03\x92\x7f@H\xfe\xf2\x90\xfc\x85 \xf9\
+\x86\xe4/\x07\xc9\xdf\x0b\xceq\xf8K\xcf\xbfz\xcb\
\xfa\x9fmH\x004\xd7\xf9R\xb4!\x09B\xf2\x0f\x08\
\xc9_\x1e\x92\xbf\x10$\x7f\xc5\x90\xfc\xe5 \xf9{\xb2\
\x1a\xb7\x06w\x83\xe37$\x00\x8c\xb3/F\x17\x91 \
$\xff\x80\x90\xfc\xe5!\xf9\x0bA\xf2W\x0c\xc9_\x0e\
\x92\xbf'\xeb\xe2f\x1a\xbc\x13\x80\xcf<\xff\xbc\xc1\x19\
\x1e\x8b.*\x01H\xfe\x01!\xf9\xcbC\xf2\x17\x82\xe4\
\xaf\x18\x92\xbf\x1c$\x7fO6\xc5\xcd9>\xb9\xbe*\
\xe0Z\x02\x90\xc9\x1bw\x03\xc8F\x16\xd80H\xfe\x01\
!\xf9\xcbC\xf2\x17\x82\xe4\xaf\x18\x92\xbf\x1c$\x7fO\
\xbc\xe3\xceWv\x1f\xb9\xb3\xf7\x7f\xd6\x12\x00\x8dk\x8f\
F\x10\x92\x18$\xff\x80\x90\xfc\xe5!\xf9\x0bA\xf2W\
\x0c\xc9_\x0e\x92\xbf'\x03\xe2f._\x1b\xe9\xbf\xb1\
\x06\x80\x8f\xc8\xf0?\xc9? $\x7fyH\xfeB\x90\
\xfc\x15C\xf2\x97\x83\xe4\xef\xc9\xb0\xb8\xd7\xb9~\xfd\x22\
\xc0G\xc2\x89\xc6\x07$\xff\x80\x90\xfc\xe5!\xf9\x0bA\
\xf2W\x0c\xc9_\x0e\x92\xbf'\x02q3\x86\xb5\xd1~\
\xc69\xc7\x97N\x9e\x9cL\x98|1\xcc\xb8\x86B\xf2\
\x0f\x08\xc9_\x1e\x92\xbf\x10$\x7f\xc5\x90\xfc\xe5 \xf9\
{\x22\x14w\xf7\x9a\xd3\xf4\xc4\xe43\x8f\x1f]\xd6\x00\
\xc0J\xb8w\x87\x18\xd6pH\xfe\x01!\xf9\xcbC\xf2\
\x17\x82\xe4\xaf\x18\x92\xbf\x1c$\x7fO|\xc8\x1f\x00l\
\xa7s\x17\xd0\x9b\x02p\xb5ca\xc4$\x04\xc9? \
$\x7fyH\xfeB\x90\xfc\x15C\xf2\x97\x83\xe4\xef\x89\
O\xf9w\xff\x1f?\x0a\xac&\x00\x9c\xe1\xa8\xf2\xa0D\
 \xf9\x07\x84\xe4/\x0f\xc9_\x08\x92\xbfbH\xfer\
\x90\xfc=\x91\x90?\x00\xb0U\xe7\xf7\x16\x01\xde\xa5.\
\x22AH\xfe\x01!\xf9\xcbC\xf2\x17\x82\xe4\xaf\x18\x92\
\xbf\x1c$\x7fO$\xe5\xbf\xca\xfa\x04\x80\xdf\xd2\xefY\
\xa1@\xf2\x0f\x08\xc9_\x1e\x92\xbf\x10$\x7f\xc5\x90\xfc\
\xe5 \xf9{\x12L\xfe\x00\xc7-\x00\xc0\x9e>~<\
\xc7-VV\x13\x95\x00$\xff\x80\x90\xfc\xe5!\xf9\x0b\
A\xf2W\x0c\xc9_\x0e\x92\xbf'A\xe5\xbf\xda\x8a\x91\
EVC\xca\x88\xee\xf8_\x92\x7f@H\xfe\xf2\x90\xfc\
\x85 \xf9+\x86\xe4/\x07\xc9\xdf\x135\xf2\x07\x00\xe6\
\xd6\xd8!\x0d\xae}S\xa0\x80D!\xf9\x07\x84\xe4/\
\x0f\xc9_\x08\x92\xbfbH\xfer\x90\xfc=Q'\x7f\
\x00\x80\x03\xf7\xb0\xc6\x19;$\x1d\x90($\xff\x80\x90\
\xfc\xe5!\xf9\x0bA\xf2W\x0c\xc9_\x0e\x92\xbf'\x8a\
\xe5\x0f\x00\x1a\xb4\xc3\x1a\x07\xdb#\x15\x90($\xff\x80\
\x90\xfc\xe5!\xf9\x0bA\xf2W\x0c\xc9_\x0e\x92\xbf'\
!\xc8\x7f\xb5\xe1\xdd\x1a\xe3|J\xe2\x95\x82\xed\xf7\xfe\
1\x06_&\xeb!\xf9\xc7\x03\xc9?zH\xfe\x8a!\
\xf9\xcbA\xf2\xf7$4\xf9\x03\x9ccJ\x03\xd8\xb4\xd4\
\xab\x87\xb6\xde\xfb\xc7\x18|\x99\xac\x87\xe4\x1f\x0f$\xff\
\xe8!\xf9+\x86\xe4/\x07\xc9\xdf\x93\x10\xe5\xbf\xfa\xca\
i\x0d\x08a\x04\x80\xe4\x1f\x10\x92\xbf<$\x7f!H\
\xfe\x8a!\xf9\xcbA\xf2\xf7$d\xf9\xaf\xbe\xc5\x94\x06\
@\xed\x08\x00\xc9? $\x7fyH\xfeB\x90\xfc\x15\
C\xf2\x97\x83\xe4\xefI\x04\xf2_eZ\x03\x90S\xd1\
\x12\x00\x92\x7f`H\xfe\xf2\x90\xfc\x85 \xf9+\x86\xe4\
/\x07\xc9\xdf\x93\xe8\xe4\x0f\x00y\x0d\xe0\x09%M\x91\
\xfc\x03B\xf2\x97\x87\xe4/\x04\xc9_1$\x7f9H\
\xfe\x9eD+\x7f\x00Hh\x00\xb3\x027C\xf2\x0f\x08\
\xc9_\x1e\x92\xbf\x10$\x7f\xc5\x90\xfc\xe5 \xf9{\x12\
\xbd\xfc\x01\xc0\xd2\x00\x16l\x04\x80\xe4\x1f\x10\x92\xbf<\
$\x7f!H\xfe\x8a!\xf9\xcbA\xf2\xf7$\x1e\xf9\x03\
\xdd\x11\x80\x00S\x00$\xff\x80\x90\xfc\xe5!\xf9\x0bA\
\xf2W\x0c\xc9_\x0e\x92\xbf'\xf1\xc9\x1f\xe8\x8e\x00\xc0\
\x94z)\xc9? $\x7fyH\xfeB\x90\xfc\x15C\
\xf2\x97\x83\xe4\xefI\xbc\xf2\x07\x00S\x93z\x19\xc9?\
 $\x7fyH\xfeB\x90\xfc\x15C\xf2\x97\x83\xe4\xef\
I\xfc\xf2\x07\x00\xe6?\x01 \xf9\x07\x84\xe4/\x0f\xc9\
_\x08\x92\xbfbH\xfer\x90\xfc=\x19\x0d\xf9\x03\x00\
\xfc%\x00$\xff\x80\x90\xfc\xe5!\xf9\x0bA\xf2W\x0c\
\xc9_\x0e\x92\xbf'#$\x7f\xc0O\x02@\xf2\x0f\x08\
\xc9_\x1e\x92\xbf\x10$\x7f\xc5\x90\xfc\xe5 \xf9{2\
b\xf2\x07D\x13\x00\x92\x7f@H\xfe\xf2\x90\xfc\x85 \
\xf9+\x86\xe4/\x07\xc9\xdf\x93\x11\x94? \x92\x00\x90\
\xfc\x03B\xf2\x97\x87\xe4/\x04\xc9_1$\x7f9H\
\xfe\x9e\x8c\xa8\xfc\x81a\x09\x00\xc9? $\x7fyH\
\xfeB\x90\xfc\x15C\xf2\x97\x83\xe4\xef\xc9\x08\xcb\x1f\x18\
\x94\x00\x90\xfc\x03B\xf2\x97\x87\xe4/\x04\xc9_1$\
\x7f9H\xfe\x9e\x8c\xb8\xfc\x81~\x09\x00\xc9? $\
\x7fyH\xfeB\x90\xfc\x15C\xf2\x97\x83\xe4\xef\xc9\x18\
\xc8\x1f\xf0J\x00H\xfe\x01!\xf9\xcbC\xf2\x17\x82\xe4\
\xaf\x18\x92\xbf\x1c$\x7fO\xc6D\xfe\xc0\xe6\x04\x80\xe4\
\x1f\x10\x92\xbf<$\x7f!H\xfe\x8a!\xf9\xcbA\xf2\
\xf7d\x8c\xe4\x0f\xacO\x00H\xfe\x01!\xf9\xcbC\xf2\
\x17\x82\xe4\xaf\x18\x92\xbf\x1c$\x7fO\xc6L\xfe\x1c\xbd\
\x04\x80\xe4\x1f\x10\x92\xbf<$\x7f!H\xfe\x8a!\xf9\
\xcbA\xf2\xf7d\x0c\xe5\x0f\x00\x1a\xc9?($\x7fy\
H\xfeB\x90\xfc\x15C\xf2\x97\x83\xe4\xef\xc9\x98\xca\x1f\
X\x9b\x02\x18\x9d\xe0\x84 \xf9\xc7\x03\xc9?zH\xfe\
\x8a!\xf9\xcbA\xf2\xf7d\x8c\xe5\x0f\x0eh\xa3\x14\x9c\
\x10$\xffx \xf9G\x0f\xc9_1$\x7f9H\xfe\
\x9e\x8c\xb9\xfc\x01\xbf\xa7\x01\xc6\x0d\xc9?\x1eH\xfe\xd1\
C\xf2W\x0c\xc9_\x0e\x92\xbf'\xdb@\xfe\xc08%\
\x00$\xffx \xf9G\x0f\xc9_1$\x7f9H\xfe\
\x9el\x13\xf9\x03\xe3\x92\x00\x90\xfc\xe3\x81\xe4\x1f=$\
\x7f\xc5\x90\xfc\xe5 \xf9{\xb2\x8d\xe4\x0f\x8cC\x02@\
\xf2\x8f\x07\x92\x7f\xf4\x90\xfc\x15C\xf2\x97\x83\xe4\xef\xc9\
6\x93?0\xea\x09\x00\xc9?\x1eH\xfe\xd1C\xf2W\
\x0c\xc9_\x0e\x92\xbf'\xdbP\xfe\xc0('\x00$\xff\
x \xf9G\x0f\xc9_1$\x7f9H\xfe\x9elS\
\xf9\x03\xa3\x9a\x00\x90\xfc\xe3\x81\xe4\x1f=$\x7f\xc5\x90\
\xfc\xe5 \xf9{\xb2\x8d\xe5\x0f\x8cb\x02@\xf2\x8f\x07\
\x92\x7f\xf4\x90\xfc\x15C\xf2\x97\x83\xe4\xef\xc96\x97?\
0j\x09\x00\xc9?\x1eH\xfe\xd1C\xf2W\x0c\xc9_\
\x0e\x92\xbf';@\xfe\xc0(%\x00$\xffx \xf9\
G\x0f\xc9_1$\x7f9H\xfe\x9e\xec\x10\xf9\x03\xa3\
\x92\x00\x90\xfc\xe3\x81\xe4\x1f=$\x7f\xc5\x90\xfc\xe5 \
\xf9{\xb2\x83\xe4\x0f\x8cB\x02@\xf2\x8f\x07\x92\x7f\xf4\
\x90\xfc\x15C\xf2\x97\x83\xe4\xef\xc9\x0e\x93?\x10w\x02\
@\xf2\x8f\x07\x92\x7f\xf4\x90\xfc\x15C\xf2\x97\x83\xe4\xef\
\xc9\x0e\x94?\x10g\x02@\xf2\x8f\x07\x92\x7f\xf4\x90\xfc\
\x15C\xf2\x97\x83\xe4\xef\xc9\x0e\x95?\x10W\x02@\xf2\
\x8f\x07\x92\x7f\xf4\x90\xfc\x15C\xf2\x97\x83\xe4\xef\xc9\x0e\
\x96?\x10G\x02@\xf2\x8f\x07\x92\x7f\xf4\x90\xfc\x15C\
\xf2\x97\x83\xe4\xef\xc9\x0e\x97?\x10u\x02@\xf2\x8f\x07\
\x92\x7f\xf4\x90\xfc\x15C\xf2\x97\x83\xe4\xef\x09\xc9\x1f@\
\x94\x09\x00\xc9?\x1eH\xfe\xd1C\xf2W\x0c\xc9_\x0e\
\x92\xbf'$\xff5\xa2I\x00H\xfe\xf1@\xf2\x8f\x1e\
\x92\xbfbH\xfer\x90\xfc=!\xf9o \xfc\x04\x80\
\xe4\x1f\x0f$\xff\xe8!\xf9+\x86\xe4/\x07\xc9\xdf\x13\
\x92\xff\x16\xc2M\x00H\xfe\xf1@\xf2\x8f\x1e\x92\xbfb\
H\xfer\x90\xfc=!\xf9{\x12^\x02@\xf2\x8f\x07\
\x92\x7f\xf4\x90\xfc\x15C\xf2\x97\x83\xe4\xef\x09\xc9\xbf/\
\xe1$\x00$\xffx \xf9G\x0f\xc9_1$\x7f9\
H\xfe\x9e\x90\xfc\x07\xa2>\x01 \xf9\xc7\x03\xc9?z\
H\xfe\x8a!\xf9\xcbA\xf2\xf7\x84\xe4?\x14\xb5\x09\x00\
\xc9?\x1eH\xfe\xd1C\xf2W\x0c\xc9_\x0e\x92\xbf'\
$\x7f!\xd4%\x00$\xffx \xf9G\x0f\xc9_1\
$\x7f9H\xfe\x9e\x90\xfc\x85Q\x93\x00\x90\xfc\xe3\x81\
\xe4\x1f=$\x7f\xc5\x90\xfc\xe5 \xf9{B\xf2\xf7\x85\
\x11\xb8\x05\x92\x7f<\x90\xfc\xa3gD\xe5\xaf3\x86\xb4\
\xae#k\x18\xc8\x1a:,MCR\xd7\x90\xd04X\
\x9a\x06K\xd3\x91\xd040\x00\x86\xd6\x8dW\x07[\xfb\
\xb7\xedr8\xab\xbf\x5c\xc7\xed\xfe\xb7\xe5\xbah9\x0e\
Z\xae\x8b\xb6\xeb\xa2\xe5\xbah:.j\xb6\x83\x8am\
\xa3\xee8px\xd0?&\xc9_\x0e\x92\xbf'$\x7f\
\xdf\x04K\x00H\xfe\xf1@\xf2\x8f\x9e\x11\x90\x7fB\xd3\
0a\x9a(\x98\x06\x8a\x09\x13\x05\xc3D\xc6\xd0\x91\xd6\
\xf5@\xed\x1a\x1a\x83\xb1\xfa\xbbX\xabc\x82Y\xe8\x00\
\xcc\xbe\xaf\xe1\x1ch8\x0e\xaa\xb6\x83\xb2\xdd\xc1r\xbb\
\x83\x95\x8e\x8d\x95N\x07m\xd7\x15xW\x92\xbf\x1c$\
\x7fOH\xfeR\xc8'\x00$\xffx \xf9GO\x0c\
\xf2\xd7\x19\xc3d\xc2\xc4L\x22\x81\x19\xcb\xc2D\xc2\x0c\
,z\x950\x06\xa4\x0d\x1diC\xc7,\x12\x1b\x1e\xab\
\xd9\x0e\x96\xda\x1d,\xb4[\x98o\xb5\xb1\xd4\xeel\x1a\
- \xf9\xcbA\xf2\xf7\x84\xe4/\x8d\x5c\x02@\xf2\x8f\
\x07\x92\x7f\xf4D$\x7f\x8d1\xccX\x09\xecM&1\
c%0i\x9a\xd0\xd8\xe8|i\xf9!c\xe8\xc8\x18\
:\x0e\xa4\x93\x00\x00\x87s,\xb5;\xb8\xdeja\xae\
\xd9\xc6|\xab\x0dw\xd0\xf4\xc1\xb8^/$\xff\xe8!\
\xf9\x07\xc2\x7f\x02@\xf2\x8f\x07\x92\x7f\xf4\x84,\xff\x8c\
\xa1co2\x89=\xc9$v'-\x18c*\xfca\
\xe8\xab\xc9\xcd\x8ce\xe1\xce<\xd0q]\x5cm\xb60\
\xd7l\xe1J\xa3\x89\x9a\xe3\xdcx\xf2\xb8^/$\xff\
\xe8!\xf9\x07\xc6_\x02@\xf2\x8f\x07\x92\x7f\xf4\x84$\
\xff\x8c\xae\xe3@:\x85\x03\xa9\x14f\xac\xc4\xf0\x17l\
\x1bn\xf4\x9d\xa9i\xdd>H\xa7\x00\x00\xa5N\x07\x17\
\xeb\x0d\x5c\xa86P\xb1\xed\xb8\x02\x94\x87\xe4\x1f=$\
\x7f%\x88'\x00$\xffx \xf9G\x8fb\xf9'u\
\x0d7\xa5\xd38\x98Na:\xb1\x93\xa4\xdfcp\xdf\
\x15L\x13\xc7\xf2&\x8e\xe6sXhup\xa9\xde\xc0\
\x85z\x1dMGd1a\xcc\x90\xfc\xa3\x87\xe4\xaf\x0c\
\xb1\x04\x80\xe4\x1f\x0f$\xff\xe8Q$\x7f\x06`W\xd2\
\xc2\xe1U\xf1\xeb\xdbtx\x7f8\xe2\x0b\xfe\x18zS\
\x05\x09\xdc[\xccc\xae\xd9\xc2\x07\xb5:.\xd5\x1b\xa3\
yI\x91\xfc\xa3\x87\xe4\xaf\x94\xe1\x09\x00\xc9?\x1eH\
\xfe\xd1\xa3@\xfeI]\xc3-\x99\x0cn\xced\x905\
Fg\xd5~<\xc8\xaf\xf6\xd7\x18\xc3\xbeT\x12\xfbR\
ITm\x1b\xefU\xebx\xbfV\x1b\x9dQ\x01\x92\x7f\
\xf4\x90\xfc\x9538\x01 \xf9\xc7\x03\xc9?z\x02\xca\
?g\x18\xb8-\x97\xc1\x91Lf\x07\xdf\xed\xafG\xdd\
V\xbf\xaca\xe0\x9eb\x1eG\x0b9\x5c\xac7\xf0f\
\xb9\x82R'\xc6\xb5\x02$\xff\xe8!\xf9\x87B\xff\x04\
\x80\xe4\x1f\x0f$\xff\xe8\x09 \xff]\x96\x85\xdbsY\
\xecK%\x95\x864\xde\x84\xb3\xcf_g\x0c7g\xd2\
8\x9cI\xe1r\xa3\x89\xb7\xcaU\x5co\xb5\xfd7\x14\
\x04\x92\x7f\xf4\x90\xfcC\xc3;\x01 \xf9\xc7\x03\xc9?\
z$\xe5?m%p,\x9f\xc7\xee\xa4\xa5<\xa4\xf1\
&\xfc\x22?\x0c\x0c\xfbS)\xecO\xa50\xdfj\xe1\
\xb5R\x05\xd7\x9a\xad`\x8d\x8a@\xf2\x8f\x1e\x92\x7f\xa8\
lM\x00H\xfe\xf1@\xf2\x8f\x1e\x09\xf9\x17M\x13w\
\xe5s8\xb8\xba\x85\x8dXO\xf4\x15\xfef,\x0b\x9f\
\x9f\xb5p\xb5\xd9\xc2OW\xcaXl\x874\x22@\xf2\
\x8f\x1e\x92\x7f\xc8\xb0M\x09\x00\xc9?\x1eH\xfe\xd1\xe3\
S\xfe9\xc3\xc0\xbd\xc5\x02\xf6\xd3P\x7f\x1f\xe2-\xef\
\xbb;i\xe1\x8b\xbb\xa7\xf1Q\xbd\x89\x9f\xac\x94\xd5\xd6\
\x13 \xf9G\x0f\xc9?d\xba}w#\x01 \xf9\xc7\
\x03\xc9?z|\xc8\xdf`\x0c\x1f\xcf\xe7pg.;\
\xb6\xa5y\xc3g4j\xfb30\x1cH\xa7\xb0/\x95\
\xc4\xbb\xd5\x1a\xce\x96*\x82\x07\x13\x0d\x80\xe4\x1f=$\
\xff\x90\xb9\xd1w\xdd\x04\x80\xe4\x1f\x0f$\xff\xe8\x11\x94\
?\x03ps&\x83\xbb\x0by$u-\xec\xa8\xc6\x98\
\xd1\x90\xffz4\xc6p[.\x8b\x83\xe9\x14^+\x95\
q\xbeZ\x97\x0b\x81\xe4\x1f=$\xff\x90\xd9\xd8w\x06\
\xc9?&H\xfe\xd1#(\xff\xa2i\xe2\xa1\xc9\x22\xa6\
vd\xd5>?\x8c\x9e\xfc\xd7\x93\xd2u<<9\x81\
#\x99\x0c^^Z\xc1J\xa7#\xfeb\x92\x7f\xf4\x90\
\xfcCfk\xdf\x0d\xac\x03@\xf2\x0f\x09\x92\x7f\xf4\x08\
\xc8_c\x0c\xb7\xe7\xb28\x96\xcf\xd1p\xffPF[\
\xfe\xeb\x99\xb1\x12\xf8\xf2\xee\x19\xbcU\xa9\xe2\x5c\xa9\xb2\
\xe9hb\x0fH\xfe\xd1C\xf2\x0f\x19\x8f\xbe\xe3\x03\x12\
\x00\x92\x7fH\x90\xfc\xa3G@\xfe\xd3V\x02\x0fOL\
 o\xca\x9d\x90\xbd\xb3\x18\x1f\xf9\xf7\xd0\x18\xc3\x9d\xf9\
\x1c\xf6\xa5\x928\xb5\xb4\x82\x85~\xf5\x03H\xfe\xd1C\
\xf2\x0f\x19o\xf9\x03}\x12\x00\x92\x7fH\x90\xfc\xa3g\
\x88\xfc\x19\x80\xbb\x0ay\xdc\x95\xcf\x8d\xd0W\xcc(3\
~\xf2_O\xd14\xf1\x85]\xd3x\xab\x5c\xc5\xd9R\
\x05\xee\xfa\xd1\x00\x92\x7f\xf4\x90\xfcC\xa6\xbf\xfc\x01\x8f\
\x04\x80\xe4\x1f\x12$\xff\xe8\x19\x22\xff\x9ca\xe0\xd1\xa9\
\x89m1\xd7\xefr\xa0\xee8\xa8\xd96j\x8e\x83\xaa\
\xed\xa0\xe58h\xba.Z\x8e\x8b\x96\xeb\xa2\xc3]t\
\x5c\xbe\xfa|\x0e{U~\x06ckS\x1e\xa6\xc6`\
2\x0d\x96\xa6\xc1\xd25$5\x0d\x96\xae#k\xe8\xc8\
\xe8\x062\x86\x8e\xb4\xae\xf7\x9f\x22\x19\x83\xebECw\
4`W\xd2\xc2\x89\x85eTm\x9b\xe4\x1f\x07$\xff\
\x90\x19,\x7f`S\x02@\xf2\x0f\x09\x92\x7f\xf4\x0c\x91\
\xff\x91L\x1a\xf7O\x14a\x8c\xe1\x5c\x7f\xc3q\xb0\xd4\
\xee`\xa5\xd3\xc1r\xbb\x83R\xc7F\xd9\xb67\xde\xcd\
\xfa\xc0\xe6\x1cX}m\xdb\x05\x00\xc7\xe3Y7\xfaI\
c\x0cy\xc3@\xd14PL\x98\x980ML$L\
\xa4\xb4\xf1:\xfch:\x91\xc0\x13\xbbgpz\xa9\x84\
\xf3\xb5zH\xefB\xf2\xf7\x84\xe4\x1f2\xc3\xe5\x0f\xac\
K\x00H\xfe!A\xf2\x8f\x9e\x01\xf2\xd7\x19\xc3\x83\x13\
E\xdc\x9cIG\x1aR\x10V:\x1d\xcc\xb7\xdak\xff\
\xab\xaa,r#\xc4\xc6\xeb\xce\xe5\x1c+\x9dn\x02\x82\
z\xa3\xfbC\xde\x1dQ\x99^=\xcew\xd6J\xa0`\
\x9a\x11\xc7\xe9\x1fS\xd3\xf0\xc8\xf4\x04f\x92\x09\x9c^\
*\x0d_ \xe8\x0b\x92\xbf'$\xff\x90\x11\x93?\xb0\
\x9a\x00\x90\xfcC\x82\xe4\x1f=\x03\xe4\x9f\xd1u<>\
=9\xf2C\xfe\xb6\xcb\xb1\xd0n\xe3r\xa3\x89\x0f\xeb\
\x0d\xd4\x1c\xaf;\xf2\xa8\x10\x9f\xf3\xaf\xd86*\xb6\x8d\
\x0fV\xef\xa6S\xba\x86\xdd\xc9\xee\x91\xbe{\x92\x16\x12\
\xda\xe8\xd6S\xb8%\x9b\xc1d\xc2\xc4\x0b\xf3\xcb\x8a\x12\
,\x92\xbf'$\xff\x90\x11\x97?\x00\xb0'O\xbd\x18\
\xd1\xafE\xf2\x97\x87\xe4/\xc4\x00\xf9\xefIZxt\
j\x12\xd6\x88J\xa8\xe3\xba\xf8\xb0\xd1\xc4\xc5Z\x03W\
[-\xe9\xe1|\xb5\xa8[\xf0\xa71\x86\xddI\x0b\x87\
\xd2)\xecO%G6\x19h9.\x8e/,\xe1j\
\xa0\xc3\x85H\xfe\x9e\x90\xfcC\xc6\x9f\xfc\x81\xc8\x12\x00\
\x92\xbf<$\x7f!\x06\xc8\xff\xb6\x5c\x16\xf7\x15\x0b#\
\xf4\xd5\xd2\xc5\xe5\x1c\x97\x1bM\x9c\xaf\xd51\xd7l)\
\x1e~\x0eJx\xab\xfdu\xc6\xb0'i\xe1\xe6L\x1a\
\xfbR\xc9\x91\xab\xb9\xe0r\x8e3\xcb%\xbcS\xa9I\
\xbc\x9a\xe4\xef\x09\xc9?d\xfc\xcb\x1f\x18R\x08H\x0d\
$\x7fyH\xfeB\xf4\x91?\x03p\xffD\x01\xb7f\
\xb3\x11\x074\x98\x8am\xe3\xfdZ\x1d\xe7\xab54\x9d\
n\xad\xfa\xd1\xea\xfep\xb7\xfa9\x9c\xe3\xa3F\x13\x1f\
5\x9aHh\x1a\x0e\xa6S\xb8-\x97AqD\xd6\x0c\
h\x8c\xe1\xc1\xc9\x22\xf2\x86\x813\xcb%\x1f\xbf*\xc9\
\xdf\x13\x92\x7f\xc8\xc8\xc9\x1f\x08=\x01 \xf9\xcbC\xf2\
\x17\xa2\x8f\xfc\x0d\xc6\xf0\xe8\xd4\xe4H\x9d\xdew\xb5\xd9\
\xc2[\x95\x0a\xae6[\x88l\xfb\xb9o\xa2\xdd\xe7\xdf\
v]\xbcW\xad\xe1\xfdj\x0d{\x92\x16n\xcfg\xb1\
'9\x1a\x7f\xb3\xdb\xf2Y\xa4\x0d\x1d/.,\xafm\
\x99\xec\x0f\xc9\xdf\x13\x92\x7f\xc8\xc8\xcb\x1f\x08u\x0a\x80\
\xe4/\x0f\xc9_\x88>\xf2O\xea\x1a>5=5\x12\
\x8b\xfd\x5c\xceq\xa1\xde\xc0\xcf*\xd5\x1b\xb5\xe8I\xfe\
\x03\x99H\x98\xb8=\x97\xc5M\xe9\xd4HL\x0f,\xb4\
\xdax\xfe\xfa\x22Z}O\x16$\xf9{B\xf2\x0f\x99\
`\xf2\x07BK\x00H\xfe\xf2\x90\xfc\x85\xe8+\x7f\x1d\
\x9f\x9b\x99\x1a\x89-h\x97\xea\x0d\xbcV\xdat6=\
\xc9_\x98\x8c\xa1\xe3\xae|\x0e7g\xd3\xd0b\x16E\
\xb9\xd3\xc1\x0f\xaf-\xa2\xbeeG\x06\xc9\xdf\x13\x92\x7f\
\xc8\x04\x97?\x10J\x02@\xf2\x97\x87\xe4/D\x1f\xf9\
g\x0c\x1d\x9f\x9b\x99F\xd6\x88\xb7\x9e\xff\x85z\x1d\xe7\
J\x95\x8d\xe2\x07H\xfe\x92\xe4M\x03\xc7\x0a9\x1cL\
\xa7VWv\xc4C\xa5c\xe3\x87\xd7\x17P\xb3{I\
\x00\xc9\xdf\x13\x92\x7f\xc8\xa8\x91?\xa0<\x01 \xf9\xcb\
C\xf2\x17\xa2\x8f\xfc\xb3\x86\x81\xcf\xceL#k\xc4W\
\x8dn\xb1\xdd\xc6\x99\x95\x92\xf7A3$\xff\xc0L&\
L<0Q\xc0\x8ce\xc5\x16C\xcd\xb6\xf1\xc3\xeb\x8b\
\xa8t\x1c\x92\xbf\x17$\xff\x90Q'\x7f@i\x02@\
\xf2\x97\x87\xe4/D\x1f\xf9\xe7\x0c\x03\x9f\x9f\x9dFJ\
\x8fG\xfeu\xc7\xc1OVJ\xb8Tox\x87H\xf2\
W\x06\x03p(\x93\xc2=\xc5<2z<#=\x0d\
\xc7\xc1_\x5c[D\xb9\x13RE\xc6\x11\xebsaH\
\xfe!\xa3V\xfe\x00\xa0\xa8\x1a\x07\xc9_\x1e\x92\xbf\x10\
\xfd\x86\xfdu\x1d\x9f\x9d\x89O\xfe\xef\xd5jxf\xee\
\x1a.\x92\xfc#\x81\x03\xb8Pk\xe0\x99+\xd7\xf1F\
\xb9\x027\x86 \x93\xba\x8e\xcf\xcdN!\x13\xc6h\xd3\
\x08\xf6\xb9\x10$\xff\x90Q/\x7f@I\x02@\xf2\x97\
\x87\xe4/\xc4\x80\x05\x7f\x9f\x99\x9d\x0e\xe7\x8bx\x08+\
\x9d\x0e\xbe\x7fm\x1e//\xad\xf4\xdf\x22F\xf2\x0f\x0d\
\x9bs\xfct\xa5\x8c\xe7\xae\xcec\xb1\xed1\xe5\x12\x12\
\xbdnI\x1b:>?;\xa56\xf1\x1c\xf1>\xef\x0b\
\xc9?\xefS\xe0\x9f\x00\x00 \x00IDATd\xc2\
\x91?\x108\x01 \xf9\xcbC\xf2\x17b\xc0V\xbf\xcf\
\xcfL#\x1f\xf1\x82?\x97s\x9c-\x95\xf1\xec\xd5\xeb\
\x83\xc5C\xf2\x8f\x84\xe5v\x07\x7f~m\x01gK\xe5\
\xd0\xcb'on=k\x1a\xf8\xdc\xec\x94\x9a\xf2\xd2c\
\xd4\xe7\x1b \xf9\x87Lx\xf2\x07\x02%\x00$\x7fy\
H\xfeB\xf4\x91\xbf\xc1\x18>5=\x85\xbc\x19\xad\xfc\
k\xb6\x83\x1f\xce/\xe0\xf5rep\xb7\x92\xfc#\xc5\
\xe5\x1c\xe7V*\xf8\xf3\xab\x0b\xa1\xcd\xcb\xf7\xeb\x96B\
\xc2\xc0gg\xa7\x82\x1d+=\x86}\x0e\x80\xe4\x1f:\
\xe1\xca\x1f\x90N\x00H\xfe\xf2\x90\xfc\x85\xe8#\x7f\x06\
\xe0\xd1\xa9\xe8O\xf4;_\xab\xe3\xbbW\xafa\xdek\
\x85\xffzH\xfe\xd1\xb3\x1a\xf7b\xbb\x8d\xe7\xae^\xc7\
\xf9j=\x8c\xe6\xfb2i\x99xtzBNuc\
\xde\xe7\x83!\xf9\xcb\x13\xbe\xfc\x01\xa9\x04\x80\xe4/\x0f\
\xc9_\x88>\xf2\x07\xba\xb5\xfd\xa3,\xef\xebr\x8eS\
K+xiI\xa0\x1c,\xc9?z6\xc5\xddq9\
N..w\xcb\xf7\xba\xc1\x7f)\xd1\x16\x0e\xa4\x93\xb8\
w\x22\x1fN\xe3\xa3\x06\xc9?d\xa2\x91?\xe0\xfb,\
\x00\x92\xbf<$\x7f!\x06\xc8\xffc\xd9L\xa4\x07\xfb\
\xd4\x1d\x07/,,\x89-2#\xf9G\xcf\x80\xb8?\
\xa8\xd5Q\xeat\xf0\xc9\x99I\xe9\xc2P~\xbb\xe5\xe3\
\xf9,j\xb6\x83\xb7EN\x11\xdc\x86}~\x03\x92\xbf\
<\xd1\xc9\x1f\xf05\x02@\xf2\x97\x87\xe4/\xc4\x00\xf9\
\xefIZx`\xa2\x18Y(\xd7Z\xad\xe1\x0b\xfdz\
\x90\xfc\xa3G \xee\xa5v\x07\xcf\xcd\xcd\xe3Z\xb3\x15\
F\xf3\x9e\xdc?Q\xc0\xee\xe4\x90BE\xdb\xb8\xcfI\
\xfeA\x88V\xfe\x80p\x02@\xf2\x97\x87\xe4/\xc4\x00\
\xf9gt\x1d\x8fNMF\xf6\xd5r\xbeV\xc7\x8f\xe6\
\x07\x1d\xfe\xb2\x0e\x92\x7f\xf4\xf8\x88\xbb\xe5\xba\xf8\xcb\xeb\
\x8b\xbe\xd6\x05\x04\xe9\x16\xc6\x80\xc7\xa7'\xfaW\xa4\xdc\
\xd6}N\xf2\x97'z\xf9\x03B\x09\x00\xc9_\x1e\x92\
\xbf\x10\x03\xe4\xaf3\x86ON+\xdaj%\xc0\xb9r\
\x05\xa7\x96\x96\xc5\xb6\x94\x91\xfc\xa3G\x22n\x97s\xbc\
\xb4\xb8\x8c\xb3+e\xf0!\x7fW\x15\xddb\xe9\x1a~\
nfr\xeb\xce\x80m\xdd\xe7$\x7fy\xe2\x91?0\
4\x01 \xf9\xcbC\xf2\x17b\x80\xfc\x01\xe0\xc1\x89\x22\
&\x13\xe1\x9f\xec\xc7\x01\xbc\xb4\xb4\x8cs\xa5\xb2Xw\
\x92\xfc\xa3'@\xdc\x1c\xc0\xb9R\x05\xa7\x96V\xfa&\
w*\xbbe\x22a\xe2\xfe\x89B8\x8dG\x09\xc9?\
d\xe2\x93?00\x01 \xf9\xcbC\xf2\x17b\x88\xfc\
\x8fd\xd2\xb89\x93\x0e=\x0c\x97s\x9cX\x5c\xc2\xf9\
\x9a\xe001\xc9?z\x14\xc5\xfd~\xb5\x8e\x17\x17\xb6\
\x8e\xf0\x84\xd1-\xb7\xe4V\xaf\xdfm\xdd\xe7$\x7fy\
\xe2\x95?\xd07\x01 \xf9\xcbC\xf2\x17b\x88\xfcs\
\x86\x81\xfb\x22X\xf4\xe7r\x8e\xe3\x8bK\xb8To\x88\
\xbd\x80\xe4\x1f=\x8a\xe3\xbeXo\xe0\xaf\xe6\x97\xd6\xb6\
\x09\x86\xd9-\x0fN\x16\x22/X\xa5\x04\x92\x7f\xc8\xc4\
/\x7f\xc03\x01 \xf9\xcbC\xf2\x17b\x88\xfc5\xc6\
\xf0\xe8\xd4\x04\xcc \xd5\xd5\x04p9\xc7\xf3\x0b\x8b\xf8\
\xa8\xd1\x14{\x01\xc9?zB\x8a\xfbJ\xa3\x89\xbf\x9a\
_\x82\x13f\xf9`\x0e\x18\x8c\xe1\x91\xa9\xe2\x08\xa9R\
\x00\x92\x7f\xc8\x8c\x86\xfc\x81-\x09\x00\xc9_\x1e\x92\xbf\
\x10C\xe4\x0f\x00G\xf3\xb9\xd0+\xfd\xb9\x9c\xe3\x85\xc5\
%\x5c\x15\xdd\x22F\xf2\x8f\x9eP\xe3f\x98k\xb6\xf0\
\xfc\xf5\xa5p\xce\x10X\xd7\xe4\xb4\x95\xc0]\x85\x9c\xfa\
\xf7\x08\x03\x92\x7f\xc8\x8c\x8e\xfc\x81\x0d\x09\x00\xc9_\x1e\
\x92\xbf\x10\x02\xf2\x9f\xb6\x12\xb8#\x1f\xee\x97%\x07\xf0\
\xe2\xd22.\xd3\x9d\xff\xe8\x12\xb2\xfc{\xcd\xcf5[\
xqa\x05Js\x00\x8f\xb6\x8e\x16s\x98\xb2\xa2-\
_\xed\x1b\x92\x7f\xc8\x8c\x96\xfc\x81\xb5\x04\x80\xe4/\x0f\
\xc9_\x08\x01\xf9\xeb\x8c\xe1\xe1\x09\xc9\x9a\xea>8\xb5\
\xb4Ls\xfe\xa3LD\xf2\xefq\xb1\xde\xc0\xcbK+\
j\x9a\xef\x13;\x03\xf0\xf0T\x01Z\xc8\xd3Z\xd2\x90\
\xfcCf\xf4\xe4\x0f\x00\x1a\xc9?\x08$\x7f!\x04\xe4\
\x0f\x00w\xe6s\xa1/\x98:[*\xd3j\xffQ&\
b\xf9\xf7x\xafZ\xc7\xb9R%X\xf3Cb/\x9a\
&\xee\xc8GW\xcaZ\x18\x92\x7f\xc8\x8c\xa6\xfc\x01\x99\
\xc3\x80F$p)H\xfe\xd1#(\xff\xbci\xe0\x8e\
\x5c\xb8_\x8e\x17\xeb\x0d\xbcQ\x16\xfc\x92'\xf9GO\
L\xf2\xefqn\xa5\x82\x0f\xaa\x82#C\x9b\x11\x8c\xfd\
h!\x8b\xc2(\xed\x0a \xf9\x87\xcc\xe8\xca\x1f\xf0\x9b\
\x00\x8cP\xe0\xbe!\xf9G\x8f\xa0\xfc\x19\x80G&'\
B\x1d\x1e\xbd\xd6j\xe1\xe4\xd2\xb2Xw\x92\xfc\xa3'\
f\xf9\xf7Bxii\x05\xd7\x9b\x02\xe7?l~\xa1\
 \x1acxhTv\x05\x90\xfcCf\xb4\xe5\x0f\xf8\
I\x00F,p_\x90\xfc\xa3GP\xfe\x00p$\x9b\
\x09u\xd5\x7f\xddqp|Ap\xb57\xc9?zF\
@\xfe=\x5c\xce\xf1W\xf3K\xa8\xda\x8e\xd8\x0b$b\
\x9f\xb1\x128\x9c\x0d\xbf\xc0\xd5@H\xfe!3\xfa\xf2\
\x07D\x13\x80\x11\x0c\x5c\x18\x92\x7f\xf4\xf8\x90\xbf\xa91\
\x1c\xcb\xfb<G\xdd\x07.\xe7\xf8\xf1\xc2\x12\x1d\xec3\
\xaa\x8c\x90\xfc{\xb4]\x17/\xcc/\xc1q\x87\xbc:\
@\xec\xf7\x16\xf30\xb5\x98\x04K\xf2\x0f\x99\xf1\x90?\
 \x92\x00\x8ch\xe0B\x90\xfc\xa3\xc7\x87\xfc\x01\xe0\xae\
|\x1eI=\xbc\x83~^Y^\xc1\x12\x1d\xe9;\x9a\
\x8c\xa0\xfc{,\xb5;xy\xa9\xd4\xff\x09\x01cO\
\xea\x1a\xee\x0cy\xbb\xab'$\xff\x90\x19\x1f\xf9\x03\xc3\
\x12\x80\x11\x0e|($\xff\xe8\xf1)\xff\x9ca\xe0\xb6\
l&\xb4p\xce\xd7\xeax_d\xc5?\xc9?zF\
X\xfe=\xce\xd7\xea\xde\x8b\x02\x15\xc5\xfe\xf1|\xa6\xff\
\xb1\xc1a@\xf2\x0f\x99\xf1\x92?0(\x01\x18\xf1\xc0\
\x07B\xf2\x8f\x1e\x9f\xf2\x07\x80{\x8b\xe1\xed\x8b\xae\xda\
6N/\x0b\xec\xed&\xf9G\xcf\x18\xc8\xbf\xc7+\xcb\
+\x1b\xd7\x03(l\x5cc\x0c\xf7\xae?10LH\
\xfe!3~\xf2\x07\xfa%\x00c\x10x_H\xfe\xd1\
#!\xff\xc9D\x02\xfbS\xc9\xd0\xc2yqq\x19\xf6\
\xb0E\x7f$\xff\xe8\x19#\xf9\x03@\xc7\xe58>\xbf\
zz`\x08\xb1\x1fL'\xc3\xaf\x10H\xf2\x0f\x99\xf1\
\x94?\xe0\x95\x00\x8cI\xe0\x9e\x90\xfc\xa3GB\xfe\x00\
pw\x88\xb5\xd1\xcf\x95\xcaX\x186\xefO\xf2\x8f\x9e\
1\x93\x7f\x8f\xc5v\x1bo\x94\xaa!\xb5\xde\xad\x0d\x10\
\x1a$\xff\x90\x19_\xf9\x03\x9b\x13\x801\x0a|\x0b$\
\xff\xe8\x91\x94\xff\x8c\x95\xc0\x9ed8w\xff+\x9d\x0e\
\xde\xac\x0c\xf9\xb2&\xf9G\xcf\x98\xca\x1f\x00\xc0\xbbE\
\x82\x96\xdb\x9dP\x9a\xdf\x97Jb:\x8cQ\x00\x92\x7f\
\xc8\x8c\xb7\xfc\x81\xf5\x09\xc0\x98\x05\xbe\x01\x92\x7f\xf4H\
\xca\x1f\x00\xee.\x84\xb3\xed\x8f\xa3[\xc8e\xe0~\x7f\
\x92\x7f\xf4\x8c\xb9\xfc{\xff9\xb5T\x0a\xed\xbd\x8e\x15\
\x15\x8f\x88\x91\xfcCf\xfc\xe5\x0f\xf4\x12\x801\x0c|\
\x0d\x92\x7f\xf4\x04\x90\xff.\xcb\xc2\xace)\x0d\xa7\xc7\
\xcf*\xd5\xc1[\xfeH\xfe\xd1\xb3\x0d\xe4\xdfc\xb1\xd5\
\xc6;\x95Z(o\xb5'iaF\xd5(\x00\xc9?\
d\xb6\x87\xfc\x01@\x1b\xd7\xc0\x01\x90\xfc\xe3 \x80\xfc\
\x01\xe0\xf6\x90\xea\xfd\xd7\x1d\x07\xe7J\xe5\xfeO \xf9\
G\xcf6\x92\x7f\x8f\x9f.\x97Qw\x04\xab\x04\xfa\xe4\
\xe3*\x0e\x0a\x22\xf9\x87\xcc\xf6\x91? s\x18\xd0\xa8\
@\xf2\x8f\x9e\x80\xf2\xcf\x9b\x06\xf6\x85\xb4\xf2\xff\xd5\x95\
R\xffU\xff$\xff\xe8\xd9\x86\xf2\x07\x00\x9bs\xfct\
y@\xa2\x19\x80\x03\xe9d\xb0\xd30I\xfe!\xb3\xbd\
\xe4\x0f>\xae\x09\x00\xc9?z\x02\xca\x1f\x08\xef\xee\x7f\
\xa1\xdd\xc6\x87\xf5>\xa7\xb8\x91\xfc\xa3g\x9b\xca\xbf\xc7\
\x85Z\x03\xf3-\x9f\x07\x06\x09r{N\xb20\x16\xc9\
?d\xb6\x9f\xfc\x81qL\x00H\xfe\xd1\xa3@\xfeI\
]\xc3\xe1t8\x07\xa0\x9cY\xee\xb38\x8b\xe4\x1f=\
\xdb\x5c\xfe\xbd\xa7\x9d\x19T&8\x007g\xd3\xb04\
\x9f_\xcb$\xff\x90\xd9\x9e\xf2\x07\x80\x11:\x98Z\x00\
\x92\x7f\xf4(\x90?\x00\xdc\x92\xc9@\x0f\xa1\xea\xdf\xc5\
z\x03\x8b^\x0b\xff\x04\xe5\xaf1\x86\xa4\xa6!\xa9k\
\xb04\x0d\x89\xd5/_c\xdd\x97\xb0\xcb9\x5c\xcea\
s\x8e\x8e\xcb\xd1p\x1c4\x1cgx\xa1!OH\xfe\
r\x8c\x86\xfc{,\xb6;\xb8To\xe0`:\xa54\
\x0c\x9d1\xdc\x92K\x8b\xd7\x1d \xf9\x87\xcc\xf6\x95?\
0N\x09\x00\xc9?z\x14\xc9\x9f\x01\xb89\xa3\xfe\xee\
\x9f\x038W\xf6\x98\x8f\xf5\x90\xbf\xce\x18r\x86\x81\xbc\
i o\x18\xc8\x99\x06r\x86\xb1&|\x19:\xae\x8b\
\xba\xe3\xa0\xd4\xb1Q\xeatP\xb6m\x94;6\x9c\xbe\
\x89\x01\xc9_\x8e\xd1\x92\x7f\x8f\xd7V*8\x90N)\
\xd7\xeb-\xd9\x0c\xde,U\x87\x87E\xf2\x0f\x99\xed-\
\x7f`\x5c\x12\x00\x92\x7f\xf4(\x92?\x00\xecNZ\xc8\
\x1a\xea/\xb5\x0fju\x94;\xf6\xc6\x1f\xae\xc6\xcd\x00\
\xe4M\x13SV\x023\x89\x04&\x13\xa6\xf2s\x07L\
MCA\xd3P0M\x00\xa9\xd5\xb7\xe7(wl\x5c\
k\xb6p\xbd\xd5F\xa9\xd3Y\x0d\x89\xe4/\xc7h\xca\
\x1f\x00\xca\x1d\x1b\x17k\x0d\xdc\x94Q;\x0a\x905t\
\xecJZ\xb8\xdal\xf5\x7f\x12\xc9?d\xb6\xbf\xfc\x81\
qH\x00H\xfe\xd1\xa3P\xfe@\xf7\x8eF5.\xe7\
x\xbd\x5c\xd9\xf0\xb3\x04\xd30\x9bL`w2\x89\x19\
+\x11\xdaAC\x83``(\x98&\x0a\xa6\x89[s\
@\xcbqq\xa5\xd9\xc4\xe5F\x0b+\x9d\x01\x95\xe4\xc6\
\xf5z\xd9\xa1\xf2\xefqv\xa5\x82C\x990F\x01\xd2\
\xfd\x13\x00\x92\x7f\xc8\xec\x0c\xf9\x03\xa3\x9e\x00\x90\xfc\xa3\
G\xb1\xfc-M\xc3\xbe\x10\xca\xfe^\xa87P\xb5m\
\x18\x8caO2\x89}\xc9$\xa6,\x13,li\xf8\
\xc4\xd25\x1c\xce\xa4q8\x93F\xcdv\xf0a\xa3\x89\
K\xf5\x06\xda\xae{\xe3I\xa3\x14\xb0\x1fv\xb8\xfc\x01\
\xa0b\x873\x0ap \x9dDR\xd7\xd0t\xdc\x8d\x0f\
\x90\xfcCf\xe7\xc8\x1f\x18\xe5\x04\x80\xe4\x1f=\x8a\xe5\
\x0f\x00\x873\xe9P\xee\xc4\xe7\x9aM\x1c+\xe4\xb17\
\x99\x84\xb1\xae\xfdQ\xee\xfe\x8c\xa1\xe3\xf6\x5c\x06\xb7e\
3\xb8\xdcl\xe2\xfdj\x1d\x95\xcdS\x18\xe3\x02\xc9\x7f\
\x8d\xb7\xcaU\xe5\x09\x80\xc6\x18\x0e\xa5Sx{}\xe5\
A\x92\x7f\xc8\xec,\xf9\x03\xa3\x9a\x00\x90\xfc\xa3'\x04\
\xf9\x03\xc0!\x85\xab\xa4\xb5\xd5\x85|\x0c\xc0\xd1\xfc\xd6\
\xf3\x04\xc6\xa5\xfb\x19\x03\xf6\xa7\x92\xd8\x9fL\xe2z\xab\
\x8d\x9fU\xaa[\xd72\x8c2$\xff\x0d,\xb5;\xb8\
\xdalawRm\x89\xebC\x99u\x09\x00\xc9?d\
v\x9e\xfc\x81QL\x00H\xfe\xd1\x13\x92\xfc3\x86\x8e\
\xa9D\xf0\xfa\xe6:\xeb\xce\xab\x17M\x03\x06\xd3\xf0n\
u\xeb\x16\xa9\xb1\xeb\xfe\xd5\x80g\xad\x04f\xadI\xcc\
5[\xf8Y\xa5\x8a\x9a\x1dN\x99Ye\x90\xfc=y\
\xab\x5cS\x9e\x00\xccX\x09\xa4u\x1du\xa1k\x82\xe4\
/\xcf\xce\x94?0j\x09\x00\xc9?zB\x92?\x00\
\x1cJ\x05\xbb\xfb\xd7\x19\xc3d\x22\x81\xa2i\x80\xad\xc6\
\xd4r\xbb\xdb\xee\xd63v\xdd\xef\x11\xf0\x9e\xa4\x85\xdd\
I\x0b\x17\xeb\x0d\xfc\xac\x5c\x95\xac1\x102$\xff\xbe\
\xcc5\x9a\xa8\xd86r\x8aw\xbb\x1cL'\xf1\xb3\xf2\
\xb0\x03\x88H\xfe\xf2\xec\x5c\xf9\x03\xa3T\x09\x90\xe4\x1f\
=!\xca\x1f\x00\x0eJV\xfe\xd3\x19\xc3T\x22\x81\xc3\
\x994&LsM\xfe\x00\xb6\x94`\x1d\xbb\xee\x1f\x10\
0\x03pS:\x85\xcf\xceNa\x7fHg&HC\
\xf2\x1f\xfa\x16\xe7\xabu\xe5\xed\x1e\x1a\xba\xb6\x80\xe4/\
\xcf\xce\x96?0*#\x00$\xff\xe8\x09Y\xfe\x19C\
\xc7d\xc2\xf4\xf5\x1a\x8d1L\x98&&\x12&4\x8f\
X88\x16\xd6%\x00\xaa\xba\xbf\xe3\xbah8.\x9a\
\xae\x83\x96\xe3\xc2\x05`\xaf[\xa5\xaf1\x06\x9d1\x18\
\x8c!\xa5\xebH\xe9\x1a,]\xdb\x90\x98\x08!\x18p\
B\xd3pO1\x8f}\xa9$\xce\x95*\xa1\x9d>'\
\x0c\xc9_\x88\xf7\xabu\x1c-\xe4\x94.z\x9dN\xac\
N\x03x^\x03$\x7fyH\xfe\xc0($\x00$\xff\
\xe8\x09Y\xfe\x00\xb0\xd7\xc7\xd6?\x06 k\x18\x98\xb1\
\x120X\xffA\xa9\x95vgmh\x5c\xa6\xfb9\xf8\
\x8d\xaa}\x1d\x1be\xdbF\xa5cK\x0d\xb73\x009\
\xd3@\xc10\x91_MZ\x8a\x83Nr\x93\x08x\xc6\
J\xe0\xe7f&\xf1z\xa9\x82\x8f\x1aM\xff\x0d\xa8\x80\
\xe4/L\xc3qq\xa5\xd1\xc2\xfe\xb4\xc2\xd1\x1b\x06\xec\
MYxo\xcb\xe8\x02\xc9_\x1e\x92\x7f\x8fx\x13\x00\
\x92\x7f\xf4D \x7f\x00\xd8#\x98\x00$u\x0d3\x09\
\x0b)]\x1f\xfa\xdc\x85v\xb7\x90\x8e\x9f\xee\xaf\xd96\
\xae\xb7\xdaXh\xb5\xb1\xd8n+\x9b[\xe7\xe8V\x82\
+w\x1c`U\xce\x09M\xc3\xb4\x95\xc0\xac\x95\xc0\xee\
\xa4uc{b\x90\x0f(c\xb8\xa7\x98\xc7\xace\xe1\
l\xa9\x1c\xed\xda\x00\x92\xbfo\xce\xd7\xeaj\x13\x00\x00\
{R\xc9M\x09\x00\xc9_\x1e\x92\xffz\xe2K\x00H\
\xfe\xd1\x13\x91\xfc5\xc6\xb0k\xc8\x8ah\x8d1L'\
\x12(\x9ab\xd3\x04\x0e\xe7(\xaf\x95\xd5\x1dL\xa9\xd3\
\xc1\x5c\xb3\x85k\xcd\x16*\xb6\xf8\xf6\xba\xee\xa2C\x13\
\xd3\x89\x04\xa6\xac\x04&M\x13\x19\xc3@\xd6\xd0\x915\
\x0c$4\x06\xa0{x\x10\x004W\xa7\x09Z\xae\x8b\
\x9a\xed\xa0j\xdb\xa8\xda\x0e\x96;\x9d\xb5\xe3\x89\xb3\xba\
\x81i+\x11\xb8\x97\xf7\xa6,L$\xa6pf\xb94\
\xb8\xa2\xa0*H\xfeR\x5ci\xb4\xd0q]\x98\x01\xce\
\x98\xd8\xcc\x9e\x94\x05\x8d1\xb8\x9c\x83\xe4\x1f\x04\x92\xff\
f\xe2I\x00H\xfe\xd1\x13\x91\xfc\x81\xee\xd0\xb59`\
\x1e4k\x18\x98\x1d2\xdc\xbf\x99\xe5N\x07\xee\x80\xc7\
;\xae\x8b\xb9f\x0b\x17\xea\x1e\xe7\x03\xf4!\xa3\xeb\xb8\
)\x93\xee\xee\xc9O%\xb1'\x99\xf4uba/\x11\
Hj\x1a\x0a\x86\x01`k\xd2cs\x8ek\xcdVw\
{\x1fC\xf7\x14AW\xeeBJ\xe9\x1a\x1e\x9b\x9e\xc0\
\xd9Re-\xc1\x08\x05\x92\xbf4\x0e\xe7\xb8\xdch)\
-\x0cdj\x0c\xd3\x96\x89\xeb\xcd\x08\x12?AH\xfe\
1\xa3(\xf6\xe8\x13\x00\x92\x7f\xf4D(\x7f\xa0\xff\xfc\
\xbf\xa11\xcc&\xe4\x0e\x06Z\xf2:\xf2\x17\xc0r\xbb\
\x83\x0fju\x5cm\xb5V\xef\x90\x86\xc4\x96J\xe2\xb6\
l\x06\xb7d3\xd8\x93L\x86~?e0\x86}\xeb\
V\xf4s\x005\xdbA\xc5\xb6\xb1\xd2\xee\xf8^\xe0\xc7\
\x00\xdc]\xc8!o\xe8x\xb3,pb\x9c_H\xfe\
\x81\xb9\x10Bi\xe0\xbd\xa9\xe4\xc8$\x00$\xff\x98Q\
\x14;G\xd4\x09\x00\xc9?z\x22\x96?\xd0\x1d\x01\xd8\
L\xce0\xb0+iy\xae\xee\x1f\x86\xcd\xf9\x86\xbbz\
\x0e\x8e\xab\xcd\x16\xce\xd7\xeaXn\x0f\xffR\x9c\xb1\x12\
8Z\xc8\xe3\xce|\x0e\x93\x82S\x0ea\xd1]\xf0\xa8\
#k\xe8\xd8\x93\xb4\xd0t],\xb7;Xjw\xd0\
\xf4\x91\x0c\x1c\xce\xa4\x915\x0c\x9cY.\xa9[\x17@\
\xf2W\xc2\x5c\xb3\x85\x8e\xcbaj\xaa>g\xcc\xf33\
\x15\x07$\xff\x98Q\xfcQ\x8f.\x01 \xf9GO\x0c\
\xf2\xd7\x19\xdb Y\x9d1\xccZV\xa0\x02)\xbd\xb9\
\x7f\x0e\x8e\xcb\x8d&\xde\xad\xd4P\x1b\x22K\x831\xdc\
\x96\xcb\xe2\xbeb\x01\x873\xe9\x11\x9a9\xddHR\xd3\
\xb0'iaO\xd2B\xddqV\x17+v\x84F3\
f\xac\x04\x1e\x99\x9a\xc0\xa9\xa5\x95\x8d\x87\x0b\xc9@\xf2\
W\x86\xcb9\xae\xb7Z\x1bF~\xe4\xe9^\xb9\xd3V\
\x02:cpb,\x10E\xf2\x8f\x99\x10\xf2\xfch\x12\
\x00\x92\x7f\xf4\xc4 \x7f\x00\x98L\x98k\xfb\xa0\xd3\xba\
\xbe\xba\x1a>\xd8\x82\xa8\xb2m\xe3Z\xb3\x85\xb7\xab\xc3\
k\xe6gt\x1d\x9f\x98,\xe2\xc1\x89\xa2\xd0\xce\x82Q\
\x22\xad\xeb8\x98Nao*\x89\xf9V\x1b\xd7[\xad\
\xa1\xeb\x05\x0a\xa6\x81\xc7\xa7\xbbI\x80t\x19a\x92\xbf\
r\xae4T$\x007>\xaf\x1ac\x98H\x98\x1b\xea\
`D\x09\xc9?fB\x1a\xe4\x0b?\x01 \xf9GO\
L\xf2\x07\x80\x19\xcb\x02C\xf7\x8ee\xc2\x0c>lY\
w\x1c<{\xf5z\xff\xb3\xd1W)\x98\x06\x1e\x99\x9a\
\xc4}\xc5<\xcc\x80\x09G\xdct\x8f8\xb6\xb0\xcb\xb2\
\xb0\xd0n\xe3Z\xb35\xf0\x0e?\xad\xebxtj\x02\
/-\xae\xf8\xda\xf5\x00\x80\xe4\x1f\x12\x97\x1bM<\x88\
B\x80\x16\xb6~^g\xacD,\x09\x00\xc9?fB\
\x9c\xe1\x0b7\x01 \xf9GO\x8c\xf2\x07\xba5\xed\xf7\
\xa7SHi\xc1\xee\xbe;\xdc\xc5b\xab\x8dK\x8d\xc6\
@\xf9\xa7V\xe5\xf7\xf0\xe4\xc4\x86c\x81\xb7\x03\x1a\xeb\
\x1e\x16\xd4\xfb\xe2\xef\xce-{'\x02\x96\xa6\xe1\x91\xa9\
\x22N\xfaI\x02H\xfe\xa1Q\xb3\x1d\x94;6\xf2\x83\
\x8aC\xf5\xc5\xfb:\x9e\xb1L\xbc\x15,,\xdf\x90\xfc\
c&\xe4\xe5=\xe1%\x00$\xff\xe8\x89Y\xfe3V\
\x02\x0f\x14\x8b\x81\xe4\xef\x82c\xb1\xdd\xc1J\xbb\x03\x0e\
\xbe\xa5\xf6\x7f\x0f\x831<:5\x89\xc7\xa6&\x90P\
\xb8\xe7z\x14a\xe8\xf6\xedd\xc2\xc4\xb5f\x1b\xd7\xfa\
\xecxH\xf8I\x02H\xfe\xa13\xdfjK$\x00\xfd\
?\xaf\x93V\xb4\x0bXI\xfe1\x13\xc1\xda\xdep\x12\
\x00\x92\x7f\xf4\xc4(\x7f\x06\xe0\xd6\x5c\x16\x1f\xcff\x03\
\xcd\xbb\xd7\x1c\x1b\xd7\x9bmt\xf8\x8d\xbb\x5c\xaf\x04\xe0\
\xd6l\x06_\xde=+\x5cDh\xbb\xa03\x86\xbd)\
\x0b\xd3V\x02W\x9aM,z\xf4\x8dP\x12@\xf2\x8f\
\x84\xeb\xad6\x8ed\xfd\x1c\x885\xf8\xf3\x9a\xd1u$\
4-\xf8\x82O\x01H\xfe1\x13\xd1\xc6\x1e\xf5\x09\x00\
\xc9?zb\x94\xbf\xc1\x18\xee\x9b(`V\xb0\x9c\xaf\
\x17\x0e\xe7\x98o\xb5P\xf6\x10\xd6\xfa\x04`2a\xe2\
\x89\xdd\xbbp$#w\xca\xa0h,\xd7[m\xcc\xb7\
\xdaXh\xb7\xb1\xd4\xee\xacU\xf8\xab;68\x80\xa6\
\xe3\x02\xbc[\xc6\x98\x01H\xeb7\xaa\x05N&L\xcc\
\xac\x0e\xdb\xcfZ\x16\x94\xed\x04[GBc\xb8)\x9d\
\xc2\x84i\xe2\xc3F\x03-\xc7\xdd\xf4x7\x098\xbe\
\xb0\xbc\xb5\xce\x00\xc9?2\xfc\xcd\xd7\x0b\x5c(\x8c\xa1\
`\x1a}G\xc5TA\xf2\x8f\x99\x08w\xf5\xaaM\x00\
H\xfe\xd1\x13\xa3\xfc\xb3\x86\x81\x07&\x0a\xc8\xea\xdd\xcb\
H&\x01\xa8\xda6\xae\xb5Z\x9e\xdb\x9b\x1aN\xb7\xbc\
.\x03\xf0\xd0\xe4\x04>;;\xa5|\x81\x9f\xc39.\
5\x1a8_\xad\xe3R\xa3\x81+\x8d\xd6\xf0}\xf5\xab\
\x0f7W\xc5\xdbp\xdaX\xf4\xf8N65\x86\xbd\xc9\
$\x0e\xa4S8\x92M\xe3@\xca_\xa5\xc1a\x14L\
\x03Y#\x8b+\x8d\x16\xe6[\xad\x0d\x97BB\xd3\xf0\
\xd0T\x11'\x16\x96o\xdc1\x92\xfc#\xa5\xdc\xb1\xd1\
t\x5c$\xf5a\xd7\xac\xf851\x910CM\x00H\
\xfe1\x13iI\x0f\xa60\x01 \xf9GO\x8c\xf2\x9f\
\xb5,\xdc\xbbi\xc5}j\xe8\x17\xdd\x0d\xdc\xd5\xf9\xfd\
\xd2\x80\xba\xf6K\xed\x0e\xa6\x12\x09|m\xef.\xecO\
\xa9\xab\xacfs\x8ew\xab5\xbc^.\xe3\xbdj}\
\xdd\x90\xaa@\xdf\xf9\xb8^:.\xc7\xc5z\x03\x17\xeb\
\x0d\x1c_XBB\xd3\xf0\xb1l\x06w\x15r\xb8%\
\x9bV\xb2hQg\x0c\x07\xd2IL$L\x5c\xa8\xd7\
7\x8c\x06dt\x1d\x0fM\x16qrqY\xba\xfc\xb0\
\x18$\x7fO8\xb0\xd4\xea`oz\xd0\xb9\x18\xfe\xae\
\x81b\x22\xa2e[c\xd1\xe7$\x7f\xf9f\xba}\xa7\
\xe6j\x22\xf9GO\x8c\xf2\xbf%\x9b\xc1\xed\xd9\xec\x96\
\x9f\x8b\x8e\x00\xd4\x1d\x07\xd7\x9a\xad\x0ds\xfd^L'\
\x12\xf8\xdb7\x1fDB\xd1]\xff\x5c\xb3\x89\xd3\xcb%\
\xbc^\xaex\xcc\xa3\xaa\x95\xbf\x17m\xd7\xc5\x1b\xe5\x0a\
\xde(W\x90\xd45\xdc\x99\xcf\xe1\x81\x89\x02v\x0f9\
8I\x84\xac\xa1\xe3\xe3\xb9,>ll\x5c\x1bP0\
\x0d\xdc_,\xe0\xe5\xa5\x95\x90.w\x92\xbf'\xabq\
\xaft:\xd8\xebqFD\x17\xff\x9f\xd7\x82\xd4\xae\x82\
\xe1\x90\xfcc&\x06\xf9\x03*\x12\x00\x92\x7f\xf4\xc4$\
\x7f\x06\xe0h!\x8f\x83}\xee\xc6\xad\xa1\xab\xf19\x16\
\xda\x1d,\xb7\xdb\x83W\xa62\x0d\xb7\xe62\xd0\xc1\xd0\
\xf0Y+\x7f3.8\xde(W\xf1\xd2\xd22\xae\xac\
\x1e\xdb\xbb\x95\xf0\xe5\xbf\x99\xa6\xe3\xe2\xccr\x09g\x96\
K\xd8\x97J\xe2\x91\xa9\x09\xdc\x91\xcf\x06\xfa+\xea\xac\
\xbb6 o\x18\xb8To\xacM\xab\xcc$\x138Z\
\xcc\xe3\xecJYM\xf0k\x90\xfc=Y\x17\xf7J\xdf\
R\xd5r\x7fi\x99s4\x86A\xf2\x8f\x99\x98\xe4\x0f\
\x04M\x00H\xfe\xd1\x13\x93\xfc\x0d\xc6p_\xb1\x80Y\
\xcb\xfbnFc\x18X\xfb\xdc\xe6\xdd\xd3\xfa\x86\x09=\
g\x18\xb8#\x9fCR\xd3pmH\xf1\x9fA8\x9c\
\xe3'\xa5\x12^\x5c\x5c\x1er^@\xf4\xf2\xdf\xcc\xe5\
F\x13\xff\xf1\xa39L&L<:5\x81{\x8a\xf9\
@k\x05&\x13&2\x86\x8e\xf3\xd5\xfa\xda\x22\xc0\x83\
\xe9$\xca\x9d\x0e.\xd4T\x9d\x22H\xf2\xf7dS\xdc\
\xcb\x9e\x95+\xe5\xff\xb6)][w4ppH\xfe\
1\x13\xa3\xfc\x81 \x09\x00\xc9?zb\x92\x7fR\xd7\
\xf0\xe0D\x11\x05\xa3\xff\xb6\xbb\xee^|\xefX\xea\x8e\
\x83\xab\xcd\xe6\xd0\xc5u\xbb,\x0b\xb7\xe62k\x07\x06\
\xc9\xd4=\xe7\x00\xde\xacT\xf0\x97\xd7\x17\xb04\xf4\xa0\
\xa0\xf8\xe5\xbf\x9e\xa5v\x07\xcf\xcc]\xc7\x0b\x0bK\xf8\
\xe4\xf4$\xee\x9b(H\xffu-M\xc3\xed\xb9,.\
\xd5\x1bXX=I\xf1\xce|\x0eU\xdbQPM\x8e\
\xe4\xef\x89G\xdc\x95\x8e\xdd\xfd\xf9\xda\x1f2\xd8\xe7\x95\
1\x86\x8c\xae\xfb\xaf\xf8\xe8\x01\xc9?fb\x96? \
\x9b\x00\x90\xfc\xa3'&\xf9\xe7\x0c\x03\x0fM\x16\x91\x1c\
R\xdc\xa7\xdf\xf0\xffb\xbb\x8d\xa5!C\xfe\x0c\x0c\x1f\
\xcbf\xb0g\xdd\x5c\xb8\xc3\xb9\xef?\xd7\x07\xf5:\xbe\
\x7fu\x1e\xd7Z\x22#\x07\xa3%\xff\xf5\x94:6\x9e\
\x99\xbb\x8e\xd3\xcb%|i\xf7\x0c\x0e\xa5\xe5\x16@2\
\x06\x1c\xca\xa4\x906t|Xo\x02\x8c\xe3\xfe\x89\x02\
\x8e/,\xc9\x9f\x1b@\xf2\xf7\xa6O\xdc\x0e\xe7\xa8;\
\x0e\xd2\x86\x0eU\x9f\xd7\x8c\x11<\x01 \xf9\xc7\xcc\x08\
\xc8\x1f\x90I\x00H\xfe\xd1\x13\x93\xfc'\x13&\x1e\x9c\
(\x0am\xbd\xdb\x5c\x8d\xcf\x05\xc7\xd5F\x0bUg\xf0\
\x17\x95\xc14\xdc\x99\xcfn)\xea\xe3\xe7\x88\xdb\x8am\
\xe3\x87\xd7\x17p\xb6T\x0e\xfc\x81Xc\x04\xae\x97\xab\
\xcd\x16\xfe\xf0\xc2G\xb85\x97\xc1\x13\xbbg\xa5\x17\x80\
\xcdX\x09\xa4t\x1d\xefWk\x80\x06\xdc?Q\xc0\x89\
\x85e\x89\x11\x16\x92\xbf'C\xe2\xae\xda\x0e\xd2\x0a\xe7\
\xee\xb3\xa6\x0e\xf4[\xce\x22\x00\xc9?fFD\xfe\x80\
\xdf\x04\x80\xe4\x1f=1\xc9\x7fz\xb5\xac\xaf\xe8V5\
s]\x02\xd0\xe1.\xae4\x9ah\x0d\xa9X\x96\xd2u\
\x1c\xcd\xe7<w\x0f\x88\xc8\x89\x03xu\xa5\x84?\xbf\
6\xef\xa3:\xdax\xc8\x7f=\xefTj\xb8X\xbb\x88\
\xcf\xccN\xe1\x13\x93E\xa9\xbf~\xd6\xd0q{.\x8b\
\xf7\xaau\xc0\x04\xee*\xe4\xf0\x9a\xafE\x81$\x7fO\
\x04\xe2\x96\x1fm\xf1&\x19\xa0\xf45\xc9?fFH\
\xfe\x80\x9f\x04\x80\xe4\x1f=1\xc9\x7f\x7f*\x89c\x85\
\xfc\xda\x5c\xbc\x08\xbdD\xa1\xe6\xd8\x98k\xb4\xe0\x0e\xe9\
\xf8\x82i\xe2\xae|\xaeo\x821,\x01Xj\xb7\xf1\
gs\xd7p\xb1\xeegQ\xdb\xf8\xc9\xbfG\xcbu\xf1\
\xdc\xd5y\xbc]\xa9\xe1\xc9=\xb3\x98L\xf8/\x83l\
\xe9\x1an\xcfg\xf0^\xb5\x8e\x03\xe9$\x16[m|\
\xd4wg\xc4zH\xfe\x9e\x08\xc5\xcdPU\x9c\x00X\
>\xeam\xac\x87\xe4\x1f3#&\x7f\x00\x10\xbb\x92H\
\xfe\xd1\x13\x93\xfcoJ\xa7qO\xa1\xe0K\xfe@7\
\x01X\xeetp\xa5\xd1\x1c*\xff\xa2i\xe2h\xa1\xbf\
\xfc\x81\xc1\x09\xc0\xd9R\x19\xff\xfa\x83K;F\xfe\xeb\
\xf9\xa0V\xc7\xef\xbe\x7f\x11\xa7\x96V\xa4^\xaf\xb3\xee\
z\x8b\x82i\xe2\xaeB\x0e\xb9\xa1C\xd3$\x7fO\x04\
\xe5\x0f\xdc\xa8\x18\xa9\x0a\x99\x11\x00\x92\x7f\xcc\x8c\xa0\xfc\
\x01\x91\x11\x00\x92\x7f\xf4\xc4$\xff~\x05~\x86\xc1\xc1\
q\xb5\xd5\x12\x9a.\x98J$pg>7\xf4\xb7\xf1\
*\x5c\xd7t]|w\xee\x1a^/W|F\xb8=\
\xe4\xdf\xc3\xe6\x1c\xcf]\x9d\xc7\xc5z\x03O\xed\xd9\xe5\
\xab\x02#\xd0\xdd\xb2y$\x9b\x86\x06\xe0\xbe\x89<\x8e\
\xf7]\x0f@\xf2\xf7\xc4\x87\xfc\x01\x0c\x9d\x0a\xf3\x8b\xdf\
\xd3/I\xfe13\xa2\xf2\x07\x86\x8d\x00\x90\xfc\xa3'\
&\xf9\x1f\xc9\xc8\xc9\xdf\xe6\x1c\xa7WJ\xdd\xedNC\
\xd8\x9dL\xe2.\x01\xf9\x03\xd8\xb2\xcfy\xae\xd9\xc4\xbf\
>\x7fq\xc7\xcb\x7f=o\x95\xaa\xf8\xbd\xf3\x97pU\
\xa2^\x02\x03p8\x9b\xc6\xe1L\x1a\xb7\xe7\xbd\xfe\xee\
$\x7fO|\xca\x1f\xc0\x96\xc3\x9a\x82\xe2g\x0a\x80\xe4\
\x1f3#,\x7f`P\x02@\xf2\x8f\x9e\x98\xe4\x7f{\
.\x8b\x8f\xe7\xfc\xcb\xbf\xe5\xbaxii\x19\xd7\x1a-\
\x98C\xee\xfe\xf7\xa5\x92\xb8-\x9b\x11n{\xfd4\xc2\
\xd9R\x19\x7fp\xe1C\xac\x0c87\xc0\x9b\xed+\xff\
^\xdc+\xed\x0e~\xff\xfc\x87xu\xd9\x7f\x95?\x86\
\xee6\xc1\x87'\x8b\x98\xb1\x12\x1b\x1e!\xf9{ !\
\x7f \xbe\x11\x00\x92\x7f\xcc\x8c\xb8\xfc\x81~\x09\x00\xc9\
?zb\x92\xffm\xb9,n\xc9\x88\x8b\xb9G\xddq\
\xf0\xe2\xe2\xd2Z\xa9Sm@\x02pS:\xed\xfb=\
\x5c\xde]\x07\xf0\x9d\xb9k\xf8\xff\xae\x5c\xf5\xb5-\xb0\
\xcb\xf6\x97\x7f\x0f\x9bs|\xe7\xca5|o\xee\xba\xe7\
\xd4\xc90\xf6\xa7\x93xj\xef\xae\xb5bN$\x7f\x0f\
$\xe5\x0f\xc0\xc7\x0e\x151D\xaaD\x92\xfccf\x0c\
\xe4\x0fx%\x00$\xff\xe8\x89I\xfe3V\x02\x1f\x93\
\x90\x7f\xd9\xb6qbqc1\x99~\x09\xc0D\x22!\
U\xc8\xa6\xe9:\xf8\x93\x0f/\xe3\xd5\x95\x92\xef\xd7\xee\
$\xf9\xaf\xe7\x95\xa5\x12\xfe\xe4\xe2e\xa9Eg\x07\xd2\
I\xfc\xe2\xc1\xbd\x01\x02\x13`\x1b\xf6\xf9\x0d\xfa_s\
\xfd\xca\xf62\x00S\x12\xbb9\x06T\xdc\x06\xb01\x5c\
\xc6\x81\xd9d\xa2\xefsG\x03\x92\xbf|3\xc1<\xb1\
1\x01 \xf9GOL\xf2\x07\x80\xf9V\x1b\xefT\xab\
\xbe^\xb3\xd8n\xe3\xe4\xd2\xd2\x86yM\x8e\xfe_J\
\xcb\xed\xb6\xcf\xd5\xfa@\xc3u\xf1\x07\x17>\xc2\x07\xb5\
\xba\xaf\xd7u\xd9\x99\xf2\xefq\xbeV\xc7\x1f|\xf0\xe1\
\x90\xf3\x0f\xbc`8\x9cI\xe3\xbf8\xb87\x9c\xabo\
\x1b\xf7\xf9\xb0k\xce\xf1h\x83\x01\xb8-\x9f\xc1\xd1b\
\x0e7e\xfc%\xc8\x83v\xe8l\x96\xff\xd1b\x0e\x0f\
M\x15p[\xde\x7f\xa2\x1f\x0d$\x7f\xf9f\x82\x7fR\
o$\x00$\xff\xe8\x89Q\xfe=\xde\xa9\xd6\x84\x93\x80\
k\xad\x16^^^Ag\xdd7Z\xef_\x83\xbe\x94\
.\xd4\xeb\xc22\xaf;\x0e~\xbaR\xc2\x82P9\xdf\
\xcd\xecl\xf9\xf7\x98o\xb5\xf1\xfb\x1f|\xe8cq\xe0\
\x8d~\xbb5\x97\xc1/\x1d\xda+\x5c\x00J\x88m\xdd\
\xe7\xc3\xfbi\xf3\x08\x80\x06\xe0\x8eBv\xed\x18\xe8\x9b\
2)\xdc\xec#\x09\xe87\x05\xb0Y\xfe\xc7&r8\
\x94I\x02\x00n\xcd\xa5G0\x09 \xf9\xcb7\xa3\xe6\
\xf3\xa9\xf9xGAH\xfeB\x8c\x80\xfc{\x88$\x01\
\x97\x9bM\x9c^^\x81\xe3n\x95?0x\x0d\x00\x00\
\x5cj4\x86&\x01\x15\xdb\xc6OV\xcah\xbb\xaeT\
\x99\xda\xa1\x8c\xeb\xf5\x22\x11w\xcdv\xf0G\x17>\xea\
\x9e\x010\x90\xad\xfd\xf6\xb1l\x06\xbf|h\xaf\xef\xed\
f\x9el\xeb>\x17\xfb\xbc\xae\xbf\x96u\xc6p\xb4\x98\
\xdb\xb4\xe8\x128\xe8#\x09\xf0\x1am\xdb,\xff{'\
\xf28\x98Nnx\xceh%\x01$\x7f\xf9f\xd4y\
B#\xf9\xc7\xc0\x08\xc9\xbf\xc7\xa0$\xe0\xa3F\x03?\
])a\xbd\x93e\xba\x7fP\x12\xb0\xd2\xe9\xe0\xb5R\
\x196\x97Y0E\xf2\xf7\xa2\xe9\xb8\xf8\xe3\x8b\x97\xf1\
~\xb5_\xe2\xd5\xbf\xdf\x0eg\xd2\xf8\xeb7\xed\xf3,\
\xd3,\xcc\xb6\xees\xff\x9fW\x831\x1c+\xe60\xd1\
g\xde\xdfO\x12\xb0\x9e\x0d\xf2\x07p\xdfd\x1e\xfb\xd2\
\xde\xc7v\x8fF\x12@\xf2\x97oF\xad'\x14\xa4\xf8\
=H\xfeB\x8c\xa0\xfc{x%\x01\x1f6\x1ax\xad\
T\x1e*\x7f\xd1\xf3\xc9\xbd\x92\x80\xc5v\x1b\xe7J\x95\
-wJb\x90\xfc\x07\xd1v]\xfc\x87KW\xf0v\
\xa5\xb6\xe9\x91\xe1\xfd\xb6/\x95\xc4\xdf8\xbc_\xa0Z\
\xa0\x07\xdb\xba\xcf\xfd}^u\xc6\x90\xd0\x18\xee\x99\xc8\
\x0d=\xd0I$\x09p\xfb|\x16u0|b\xb2\x80\
\xbd)o\xf9\xf7\x887\x09 \xf9\xcb7\xa3\xd8\x13\x5c\
Y\x02@\xf2\x17b\x84\xe5\xdfc}\x12p\xb1\xd1\xe8\
\x9e\xb0'p\xe7?\xac\xfc\xefz.5\x1ak\x0b\x03\
\xaf\xb6Zx\xbd\x5c\xd9\xf2\xfaaS\x0a]H\xfe\x22\
8\x9c\xe3O?\x9c\xc3;kI\x80\xf857c%\
\xf0k\x87\xf7m\x19\xb2\x1e\xc8\xb6\xees\xff\x9f\xd7]\
I\x0b\xf7M\xe4\x91\x15L\xa4\x0efR\x03\x17\x06\xf6\
\x12\xe5\xf5\xe1\x9a\x8c\xe1\xe1\xe9\x82\xf0\x8a\xffx\x92\x00\
\x92\xbf|3\xea\xe5\x0f(I\x00H\xfeB\x8c\x81\xfc\
{\xbcS\xad\xe1\xe5\xe5\x15\xbc.(\x7f\xc0\xbbt\xef\
 .\xd4\xeb8W\xae\xe0\xed\x8a\xf7\xb4\xc3\xb0\xadN\
$\x7f\x7f\xb8\x9c\xe3\xff\xb9t\x05\x1f\xd4\xfc\xed\xc8\x00\
\x80\xc9D\x02\x7f\xf3\xf0~\xdc\x9cI\x0f\x7f\xf2\xb6\xee\
s\xff\x9f\xd7[ri\xfc\xda\xcd\xfb\x90\xf49\x95r\
S&\xd5\xf7\xc0'\x17|C\xb8IM\xc3\xa3\xd3\x13\
\xbe\x0f\x88\xba5\x97\x8ep\x8b \xc9_\xbe\x99p\xe4\
\x0f\x04N\x00H\xfeB\x8c\x91\xfc{\x5co\xb5|\xcd\
\xf9\x8bN\x01\xacg\xa9\xdd\xee\xfb\x98>\xb0\x7fH\xfe\
rM3\xfc\xfbKWp\xc9\xe7\xb6L\x00H\xea:\
~\xe5\xd0^<8Y\x18\xf4\x06\xe3IH\xf2\x7fx\
\xaa\x88_:\xb4\x07\x96\xc4b\xca\x0b\xb5\x06\x96\xfal\
\xe5\x5c\xbf\xad0\xad\xebxt\xba\x88\xbc\xe9\x7f\xad\xc6\
\xfb\xd5\x06\xae7\xfb\x7f\x06\xd5A\xf2\x97o&<\xf9\
\x03\x81\x12\x00\x92\xbf\x10c(\x7f\x00\x1b\xe2\x16\xe9~\
\xff\xab\xf6\x07c\xf6\xfd\xd2$\xf9\xcb\xd1\xad\xf0\xd7q\
9\xbes\xe5:.\xd5\x1b\x9b\xee#\x87\xa31\x86\xaf\
\xec\x99\xc5\xd7\xf7\xed\x82\xb9y\x88f[\xf7\xb9\xff\x93\
1\xbf\xbao\x16_\xda3\x0d\x0dL`4k#\xef\
W\xeb\xb80`\xa4\xa6\xf7Y+\x9a\x06\x1e\x9f\x99@\
\xc6\xf0/\xffw*u\xbcY\xf2W\x03D\x0e\x92\xbf\
|3\xe1\xca\x1f\x109\x0d\xd0\x13\x92\xbf\x10;D\xfe\
\x00\xd0V\x9c\x00X\xba\x06l\xb9\x01\x22\xf9\xcb\xb1\xb1\
\xbc\xef|\xab\x8d\x97\x97Jp9p(\x93\x04\xf3y\
M\xde]\xccc6i\xe1O?\x9c\xeb\x16\x1c\xda\xd6\
}\xee\xafo&\x13&~\xe1\xe0n\xecJ\xdeX\x88\
'\xb6\x9e\x05\xe0\xe0x\xbb\x5c\xc3\xd5!w\xe5m\xd7\
\xc5\xee\xd5u\x05\xba\xc4\xd7\xc9\xdb\xe5\xfa\xba\xf5 a\
B\xf2\x97o&|\xf9\x03R#\x00$\x7f!v\x90\
\xfc\x01\xa0\xe58\xc3\x9f\xe4\x83\xad\xc3\xa6$\x7f9\xbc\
k\xfb\xbfU\xae\xe2B\xbd\x8e\xf3\xd5\x86\xd4\xf4\xcd\x9e\
\xa4\x85\xff\xfa\xe6\x038V\xc8\x05\x0f1\x0eB\x90\xff\
\x9d\x85,~\xfd\xc8\xfe\x0d\xf2\x07\x06\x17\xc9Z\x0b\x87\
s\xbcY\x1a.\x7f\x00(\x98&\x1e\x9c\x94\x93\xff[\
\xe5\x1a\xc9_\x86m(\x7f\xc0\xf7\x08\x00\xc9_\x88\x1d\
&\x7f@\xfd\x89g\x1b\x13\x00\x92\xbf\x1c\xfd\x0f\xf6q\
8\xc7\x99\xa52\xd23:\x1c\xceq$\x9b\xf6\xb1\xf5\
\xb2\x8b\xa5\xeb\xf8\xcf\xf6\xef\xc6m\xb9\x0c\xbes\xe5\xba\
\xd4\x19\x04\xb1\xa0X\xfe\x96\xa6\xe1\x0b\xbb\xa7\xf0@\x9f\
\xf5\x11\xc3\xa6\x00\x1c\xce\xf1F\xa9\xdaw\xce\x7f=\xb3\
V\x02\x0e\xe78_\x1d~\xfc\xf6f\xce\xadT\x07N\
-\xa8\x83\xe4/\xdfLt\xf2\x07|\x8d\x00\x90\xfc\x85\
\xd8\x81\xf2\x07\xd4\x9fxvc\xd54\xc9_\x8e\xe1\xa7\
\xfaUl\x1b\xe7J\x15\x94m\x1b\xefUk\x92E\x98\
\x80;\x0b9|\xeb\xc8A\x1c\x96(b\x139\x8a\xe5\
\x7f$\x9b\xc6\x7f\xf3\xb1\x03}\xe5\x0f\x0c\xaei\xd1q\
]\x9c]\xa9\x0c\x95\xbf\xc6\x80})\x0b\xc5\x84\x01\xdb\
\xe7g\xcd\xe5\xc0\xabKe\x92\xbf\x0c\xdbX\xfe\x80\xf0\
\x08\x00\xc9_\x88\x1d*\x7f@\xfd\x08@\xd6\xd0A\xf2\
\x97E\xfcH\xdf\x0f\xebML%\x12\xd8\x9fN\xe2g\
\xe5\x1an\xc9\xa6}oY\x03\x80\x89\x84\x89_\xbdi\
\x1f\xce\x96*xnn\x01\x0d\xc5SBJP(\xff\
\xa4\xae\xe1\xf3\xbb\xa6p\xffda\xe8+\xfa%\x00\x0d\
\xc7\xc1\xb9\x95\x0a\xeaCFNL\x8da_*\x89\xc4\
\xeaP\x82\x9f\xa3\xb1\x1d\x0e\x9c^*\xd1j\x7f\x19\xb6\
\xb9\xfc\x01\xa1\x04\x80\xe4/\xc4\x0e\x96?\x00\xe5\xc3\xbf\
\x19]\xe0\xd2\x1c\xd7\xebeD\xe4\xdf\xe3\x5c\xa9\x82\xa2\
i\x00\xa6\x81\x9fUj8\x92MKU\xffc\x8c\xe1\
\xeeb\x1e7g\xd2\xf8\xc1\xb5\x05\x9c]\xa9\x8c\xce\x9f\
H\x91\xfc\x19\x80c\xc5\x1c\xbe\xb0{J\xb8\xb0\x8f\xd7\
\xc1J\xcb\xed\x0e\xde(U\x87\xca<k\xe8\xd8\x9d\xb4\
6L#t\x04\x8bnt\x5c\x8eS\x8b%\x89PL\
\xa1\xc6\x00\x00 \x00IDAT\x93!e \xf9\xcb\
7\x13\x8f\xfc\x81\xa1\x09\x00\xc9_\x88\x1d.\x7f\xa0{\
\xf8\x8c:\xd8\xf0\xadM\xe3z\xbd\x8c\x98\xfc\x81\xee\x1c\
\xf4+\xcb%<>=\x01h\x1a\xde\xad\xd4p \x9d\
\xf2W\xfdo\x1d9\xd3\xc0\xd7\xf7\xef\xc6}\x13\x05<\
;7\xef\xe3T\xc2\x90P$\xff\xbd)\x0b_\xde3\
\x83\x03\x9b\x0e\xd9\x19\xc6\xe6\x11\x80\xcb\xf5&\xde\xab\xd6\
\x87\x865\x9501em-\xee#2\xda\xd6p\x5c\
\x9cZ,\xa1\xd2\xf1\xbfV\xc0?$\x7f\xf9f\xe2\x93\
?00\x01 \xf9\x0bA\xf2\x07\xd0\x9dOVC\xb7\
\xef\xd2\xba\x0e\x8d1\xef\x15\xea\xe3z\xbd\x8c\xa0\xfc{\
\xd4l\x07\xaf.\x97\xf1\xd0d\x11.\x03.\xd6\x1b\xa8\
\xda6\x0e\xa5S\xc2\xdb\xd86s(\x93\xc2\xb7\x8e\x1c\
\xc0\x9b\xe5*\xfe\xf2\xda\x22\x16#\xb9\x13\xdd\x84\x02\xf9\
\xf7\xf6\xdb\x8b\x0c\xf7{\xb5\xdc[\xad\xefr\x8ew+\
u\xcc\x0dI\x88t\xc6\xb0;\x99\xe8\x9b\x04\x0fK\x00\
\xca\x1d\x07//\xae\xa0\x11\xc9\xa2L\x92\xbf|3\xf1\
\xca\x1f\xe8\x9b\x00\x90\xfc\x85 \xf9\xafQw\x1cp\x0e\
\x04;F\xfe\xc6\x8b5\xc6\x907\x0c\xact6Ic\
\x5c\xaf\x97\x11\x96\x7f\x8f\xf9V\x1bo\x96\xab\xb8\xa3\x90\
\x05\x00,\xb6;h8.\x8edR\xb0$O\x05d\
\x8c\xe1\xceB\x0e\xb7\xe7\xb3xm\xa5\x8c\x13\xf3\xcb\xd1\
%\x02\x01\xe5?e\x99x|z\x02\xc7\x8a9\xdf;\
$z\x18\x1a\x03\x18C\xc3q\xf0F\xa9\x8a\xea\x90\x91\
\xb2\x94\xaeaO\xca\xf2\x9c6\x00\x00\xce\x81\xf6\x00\xb1\
\xcf\xb7:8\xbdT\x82\xed\xb76\xb7\x14$\x7f\xf9f\
\xe2\x97?\xe0\x99\x00\x90\xfc\x85 \xf9o\xc0\xe1\x1c\x0d\
\xc7AZ\xa2*Y\x97\xad}W47%\x00\xe3z\
\xbd\x8c\x81\xfc{\x9c\xaf\xd5\x913u\x1cHwW\xf4\
\xd7m\x07o\x95k8\x98NbRrJ\x00\xe8\xde\
\xd5\xde7Q\xc0\xbd\xc5<\xde*Wqrq\x05\x1f\
\xd6\x9b\xaa\xc2\xdeJ\x00\xf9\x1fL'\xf1\xf0t\x11\x1f\
\xcfg\x03\x7f\xa2MM\xc3\xb5f\x0b\xefV\xeaC\xe7\
\xfb'\x13&\xa6=\x86\xfc\xd7\xd3q\xfb\x1f\xbbu\xa1\
\xd6\xc4\xeb\x91\xad\xbb \xf9\xcb73\x1a\xf2\x07\xb6$\
\x00$\x7f!H\xfe\x9e\xd4\xa4\x13\x00\xef\xbe+&L\
\xa0W\xb7~\x5c\xaf\x971\x92\x7f\x8fs\xa5*R\xba\
\x8e\xe9DW\xf86\xe78_k\xa0l\xdb8\x90N\
I\xdf\x0d\x03\xdd\x11\x81;\x0a9\xdcQ\xc8\xe1j\xa3\
\x853\xcb%\x9c+U\xd4.\x22\x95\x90\x7fJ\xd7q\
\xb4\x98\xc5\x03\x93\x05\xcc\x06Ht\xd6\xd3r]\x9c[\
\xac\x0c\xddUa0\x86=)\x0b)}\xf8\xael\xaf\
\xe1\x7f\x0e\xe0\xcdR\x0d\xe7\xab\xf5\xad/\x08\x05\x92\xbf\
|3\xa3#\x7f`C\x02@\xf2\x17\x82\xe4\xdf\x97\x95\
NGb\xe1X\xff\xbe+\x9a\xabwC\xe3z\xbd\x8c\
\xa1\xfc\x81\xee\x5c\xf5\xe9\xc5\x12\x1e\x99\x9e\xd8p~\xfd\
B\xab\x83j\xc7\xc1M\x99\x14\xb2C\xce\xb5\x17aw\
\xca\xc2WR\xb3\xf8\xe2\xeei\xbc_\xad\xe3\xf5R\x15\
\xefVk\xc1\x92\x01\x1f\xf2O\xe9\x1a>\x96\xcb\xe0\xae\
BV\xaa\x10\xd2 .\xd4\x1a\xf8O\x97\xaf\xe3\xde\x89\
\x1c\xf6\xa4\xfa'\x009C\xc7\xaeM\xab\xfc\x07\xb1y\
^\xdf\xe6\x1c?Y\xaaD\xb8\xd0\x92\xe4/\xdf\xcch\
\xc9\x1fXK\x00H\xfeB\x90\xfc\x07\xb2\xe2{nw\
p\xdfM&\xcc\xf1\xbd^\xc6T\xfe\x00\x00\x0e\xd8\xe0\
xyq\x05\x8f\xcdL \xbd\xee\x0e\xb6\xe9\xbax\xbb\
R\xc3L2\x81}\xa9\xa4\x12i\x1a\x9a\x86\xdb\xf2Y\
\xdc\x96\xcf\xc2\xe5\x1c\x1f\xae\xae\x92\xbfTo`\xae\xd1\
\x12/25\xa4S\x12\x9a\x86\xbd\xa9$\x0e\xa6\x93\xb8\
%\x97\xc1\xfe\xb4%T\xa6\xd7\x0f-\xd7\xc5_\x5c]\
\xc4\x99\xa5\x12\x00\xf4=\xa2Wg\x0c\xbb\x92\x89\xd5z\
\x17\xe2\xac\xaf\xafP\xb5\x1d\xbc\xbcXR\xbc\x03g\x10\
$\x7f\xf9fFO\xfe\x00`\x90\xfc\x05!\xf9\x0fe\
\xc5\xd7\x96\xa3\xe1}\x97\xd2td\x0d\x03Ue;\x0c\
\x22b\xcc\xe5\xdf\xa3\xe5\xba8\xb5\xb8\x82\xc7\xa6'\x90\
XW\x9a\x99\x03\xb8\xdel\xa3\xdc\xb6q \x9dD\xc1\
\xe79\xf4\x83\xd0\x18\xc3\xa1L\x0a\x87V\xab\x0a\xba\x9c\
c\xbe\xd5\xc6|\xb3\x8d\xf9V\x1bK\xed\x0e\xca\xb6\x8d\
\xba\xed\xac.\xa8\xe3\xdd\x11\x03\xde-\xce\x030d\x0d\
\x1d\x19CG\xde4V\xe7\xd5\x13\x98\xb1\x12\x98I&\
\x94\x0b\x7f=oWj\xf8\xee\x95y\x94W?\x07y\
\xd3\xf0\x5c<\x997\x0d\xccX\x09\xa9Z\xfe\xf5U\xd9\
_k\xb6\xf1\xear9\xa2\xc5~\x00\xc9?H3\xa3\
)\x7f@\xa0\x10\x10\xc9\x1f$\x7fAV:\x1d\xc1\x9d\
\x00\xe2\x15\xfef\xac\xc4x%\x00\xdbD\xfe=j\xb6\
\x83\x93\x0b+xd\xba\xb8!\x09\x00\xba\xa3\x01\xefV\
\xeb\xc8\x9b\x06\x0e\xa6\x93R\x15\x04\x87\xa11\x86]I\
k\xcb\x01;\x1b\x88\xf9\xbbe\xa9\xdd\xc1ss\x0b[\
\x0e\xd9\xd9<\x1df2\x86])\x0bi\x81\xb9~O\
xw\x0a\xe0\x9dJ\x1d\xef\x94k\x11\xfe\xda$\x7f\xf9\
fFW\xfe\xc0\x90\x04\x80\xe4\x0f\x92\xbf\x0f\xda\xae\x8b\
\xba\xe3\x0c)\xe2\xe3\xaf\xbc\xef\x8c\x95\xc0\x07\xb5\xa8\x16\
7\x05d\x9b\xc9\xbfG\xc5\xb6\xf1\xd2\xe2\x0a\x1e\x99*\
\xc2\xdcrJ#P\xee\xd8x\xab\x5c\xc5\xaceaw\
\xcaR:\x97>\x94\x18\xbf[\x1a\x8e\x83\xe3\x0b+8\
\xb5\xb0\xe2\xb9\xc2\x7f&\xd9M\x004t\x17\xb4N%\
\xcc@\xdbd\xeb\x8e\x8b\x13\xf3+\x98oEQ\xd6\xb7\
\x07\xc9_\xbe\x99\xd1\x96?0 \x01 \xf9\x83\xe4/\
\xc1R\xbb3 \x01\xf0_\xdb_\xd5\x8a\xec\xd0\xd9\xa6\
\xf2\xefQ\xee\xd889 \x09p80\xd7la\xbe\
\xd5^\xbdcOH\x17\x10\x12&\xa6\xef\x16\x87s\xfc\
d\xb9\x8c\x1f]_\x1a8\xff>ku\xe7\xf8g\xac\
\x04L\xd1U~}h\xd8.N/\x95H\xfeA \
\xf9o\xc13\x01 \xf9\x83\xe4/\xc9B\xbb\xd5\xa7T\
\xaa\xdc\xc1>\x05\xd3D\xc6\xd0#\x5c\xe8$\xc16\x97\
\x7f\x8f^\x12\xf0\xf0\xd4\xd6\xe9\x80\x1e6\xe7\xb8\xdch\
b\xbe\xd5\xc2\xae\xa4\x85i+\x11\xce\x88@\x0c\x17w\
\xdbuqf\xa9\x8c\x17\x17V\x86V\xbe\xdc\x93\xb2p\
G!+\xb4\xb5o\x18K\xad\x0e\x16Z\x1d\x5c\x0e\xb3\
n\xc2\x16H\xfe\xf2\xcd\x8c\x87\xfc\x01\x8f\x04\x80\xe4\x0f\
\x92\x7f\x00\xbc\xefP\x82\x9d\xea\xb7'\x99\xc4{\xd5Z\
\xff'\xc4\xc9\x0e\x91\x7f\x8fr\xc7\xc6\xf1\xf9e<<\
U\x1cX\xf3\xa1\xedvW\xf3_m\xb40\x9dL`\
\xd6Jx\x8e\x1cH\x11\xf1\xc5]\xb5m\xbc\xbcX\xc2\
+K\xa5\xa1\xe5us\x86\x81[ri\xdc;\x91\x0b\
,\x7f\xdb\xe5\x98k\xb6\xd0\xb0\xbb\xef9\xdf\x8a\xaa\x94\
2\xc9_\xbe\x99\xf1\x91?\xb0)\x01 \xf9\x83\xe4\x1f\
\x90\xa5v\x07\x0e\xe7\xeb\xee\xfa\x82\x1f\xe9\xbb7i\x8d\
f\x02\xb0\xc3\xe4\xdf\xa3\xee88\xb1\xb0\x8cOL\x15\
7\xd4\x09\xf0\xa2\xc39\xe6\x1a-\x5ck\xb6P0M\
\xccX\x09\xe4\x83\xd4\x10\x88\xf0\xe2\xbe\xd2h\xe1\xd4\xe2\
\x0a^/U\xe1\x0c\xa9\xe2\x971t\xdc\x9a\xcb`_\
\xaa\xbbXqX\xbf\x0c\xa3\xdcqp\xbd\xd9Bo\x91\
\xbf\xcd9\x96\xe8T?\xff\x90\xfc\x07\xb2v\x95\x92\xfc\
A\xf2W\x80\xb3\xfaE\xd5]\x01\x1d\x5c\xfe\x00V\x8f\
C\xeds0P\x5c\xecP\xf9\xf7h\xb9.N.,\
\xe3\x81\xc9\x02\xa6\x05\xd6i\xb8\xbc{\x04\xeer\xbb\x83\
\x94\xaea\x22ab2a\xfa\xdb9\x10\xc1\x9f\x7f\xbe\
\xd5\xc6\xeb\xa5*^_\xa9\x08\x9dY0\x990qs\
6\x8d\xdd\xc9\x1b}\xa01H'9.\x07\xae5[\
\xa8t6Ny-\xb5\xda\x11\x5c\xff$\x7f\xf9f\xc6\
O\xfe\xc0j\x02@\xf2\x07\xc9_!\xd7[-\xccX\
\x03\xb6m\xf5\x10\x0c\xd8\xd44\xecNZ\xb8\xd2\x88r\
\x0et\x00;\x5c\xfe=l\xceqjq\x05w\x14\xb2\
8\x9cI\x0b\xbf\xae\xe1\xb8h4Z\xb8\xd2h!\xad\
\xeb($\x0c\xe4\x0d\x03YC\x07\xeb\xb7^ \xa4N\
q\xc1\xf1Q\xbd\x85w+5\xbcS\xa9\xe1Zs\xf8\
\x22;m\xf5\xb4\xbe\x9b\xb3i\x14=D\x9f7M\xa9\
\x05\x90\x95\x8e\x83\xeb\xad6\x1c\x8f\xbd\xfd\xd7B_\xfc\
G\xf2\x97of<\xe5\x0f\x00\x06\xc9\x1f$\x7f\xc5\xcc\
5\xdb\xb83?\xe4I>\x03>\x94N\x8dF\x02@\
\xf2\xdf\xd2\xe4\x1b\xa5*\x96\xdb6\xee)\xe6|\x8b\xaf\
\xee8\xa87\x1c\xcc\xa1\x05\x83\xb1\xb5u\x05i]\xc7\
\xae\xe4\xea\xba\x01\x85qw\x5c\x17W\x9a-|To\
\xe2\xa3z\x13\x17j\x0d\xe1css\x86\x81\xfd\xe9$\
\x0e\xa4\x93H\x0cX\xd5?\xe5\xb30\x92\xedr\x5co\
\xb5Q\xed\xf4_\xe8:\xd7\x08\xb3\xd4/\xc9_\xbe\x99\
\xf1\x95? P\x08H\x88mw\xb1\x90\xfc\xe5a\x98\
o\xb5\xd1q\xdd\xfe\x8b\xbe$\x02>\x90J\xe2e\xc6\
\x86\xce\xc5\x86\x0a\xc9\xbf/W\x1aM\xd4m\x1b\xf7O\
\x16\x90\x92,\x08ds\xbeVE\xaf\xdc\xb1qv\xa5\
\xbc6\x14>e\x99(\x9a&r\xa6\x8e\x8ca \xa3\
\xeb\xb0\xf4n]\xbf\xde4B\xd3q\xc0\x014\x9dn\
=\x8a\x9a\xed\xa0\xd2\xb1\xb1\xdc\xb1\xb1\xd0jc\xa1\xd9\
\xc6r\xc7\xf65\x94\x9e3\x0c\xecN%\xb0'i\x09\
\x0d\xebk\x0c($\xc4\xbfVW\xda\xdd\xd8\x06\x15\xf4\
\xeb\xb8.\x16B[\x00H\xf2\x97of\xbc\xe5\x0f\xa8\
H\x00\xb6\xdd\xc5B\xf2\x97\xa7\xdbw.\xe7\xb8\xdal\
\xad\x1d)\xbb\x01\xc9\x80MM\xc3\x9e\xa4\x85\x8f\xe2\x1a\
\x05 \xf9\x0fe\xa5c\xe3\xc7\xf3K8Z\xc8ao\
\xcak+\xa8?f-\x0b\xb3V71\xb8\xdal\xe1\
|\xb5\x81\x85V{\xd3\xd9\x00j?\xaf\xa6\xc6\xd6\xca\
\x07\xcfZ\x89!E\xad\xb6R0M\xa1m\x8f\x0d\xdb\
\xc5\xf5V\x1b-\x81\xd1\x87\xb9f+\xa4\xf9\x7f\x92\xbf\
|3\xe3/\x7f h\x02\xb0\xed.\x16\x92\xbf<\x1b\
\xfbn\xce+\x01\x08\x18\xf0\xe1L:\x9e\x04\x80\xe4/\
L\xc7\xe5xu\xb9\x8c\xeb\xcd6\x8e\x16s\xf25\x00\
\xd6\xc5m0\x86\xfd\xa9$\xf6\xaf&\x15\xa5Nw1\
a\xa9\xe3\xa0\xd4\xb1Q\xe9\xd8R\xbf\xa6\xc1\x18\xf2\xa6\
\x81\x9ci\xa0\xb0\xee\x7fA\x98\xb6\x06\x0f\xffw\x5c\x8e\
\x85V{\xcb\x22\xbfA\x5c\xae\x871\xfcO\xf2\x97o\
f{\xc8\x1f\x08\x92\x00l\xbb\x8b\x85\xe4/\xcf\xd6\xbe\
\xbb\xd2h\x82s~cQ\x97\x82\x80\xf7\xa7\x92H\xe9\
\x9a\xf0\x9c\xad\x12H\xfeR|\xd4hb\xa9\xdd\xc1\xb1\
bNh\x97\xc0\x06\x86\xc4]0M\x14\xcc\x8d\xa2m\
\xb9.\xea\x8e\x8b\xa6\xe3\xa0\xe3r8\x9co\x18V7\
5\x06\x06\xc0\xd25\xa4W\xa7\x0fL\xc5\x05\x8aLM\
\xdb\x12W\x0f\x97w\xb7\xc8.\xb7\xbb\xe7e\x88\xc2\xc1\
qE\xf9\xfc?\xc9_\xbe\x99\xed#\x7f@6\x01\xd8\
v\x17\x0b\xc9_\x1e\xef\xbe\xab9\x0e\x96\xda\x1dLY\
\x09e\x01k\x8c\xe1p&\x8d7\xcbU5\x0d\x0e\x83\
\xe4\x1f\x88\xba\xe3\xe0\xa5\xc5\x15\xecJZ8Z\xc8\x8a\
m\xf9\x93\x8c\xdb\xd24X\x9a\x06\x04\xbc\x83\x0f\xc2\xb4\
\xb5\xb5\xd6\xbf\xcb\x81R\xc7\xc6\xe2\x90y\xfe~,\xb4\
:\x1b\x8e\x00\x0e\x0e\xc9_\xbe\x99\xed%\x7f\xa0{N\
\x85?F hiH\xfe\x8a\x19\xdcw\x17\xeb\x0d\xe5\
\x01\xdf\x92\xcdD\xf3\x17#\xf9+\xe3Z\xb3\x85\xbf\x9a\
_\xc2\x85Zc\xf0\x13G,n\xbf\xac?\xfd\xaf[\
\xf7\xc0\xc6\x07\xd5\x06\xe6\x9br\xf2\x070\xbc\xcf|A\
\xf2\x97of\xfb\xc9\x1f\xf0\x9b\x00\x8cH\xd0R\x90\xfc\
\x153\xbc\xef.\xd5\x1b\xe0\x8a\xa3\xce\x19\x06\xf6\x0c:\
\x1aV\x05$\x7f\xe5t\x5c\x8e\xd7K\x15\xfc\xf0\xda\x22\
.\xd5=\xa46\xa2q\x8bRL\x18\xb0t\x0d\x0e\x07\
\x16[\x9d5\xf1\x07\xd9\xb5\xc2\xd1-\xa7\xac\x06\x92\xbf\
|3\xdbS\xfe\x80\x9f\x04`\x84\x82\xf6\x0d\xc9_1\
b\x15\xfej\xb6\x13\xca\xf6\xa5\xdb\xf3Y\xe5m\xaeA\
\xf2\x0f\x95\x86\xe3\xe0\xecJ\x05\xc7\xe7\x97n\x9c\x1b1\
\x06q\x0f\xa3h\x9a\xb8\xdah\xe3|\xb5\x8e\xc5VG\
\xc9v\xd5\xeb\xcd6\xeaJ\x0e\xc1\x22\xf9\xcb7\xb3}\
\xe5\x0f\x88\xae\x01\x18\xb1\xa0}A\xf2W\x8c\xbf\xf2\xbe\
\x97\xea\x8d\x0dC\xa3*\xd8\x93Lb\x22abYu\
mt\x92\x7fd\xactl\x9cZ\x5cAF\xd7q8\
\x93\xc2\xc1t*\xfc\xe3\x83\x15cs\x8e\xab\x8d6j\
\xb6\xd3w\xf1_\x10.)\xb9\xfb'\xf9\xcb7\xb3\xbd\
\xe5\x0f\x88\x8c\x00\x8c`\xd0\xc2\x90\xfc\x15\xe3\xbf\xb6\xff\
\x07\xb5z(\xc5{n\xcf)\x1e\x05 \xf9G\xcf\xea\
(\xd1\xeb\xa5*~pm\x11oWj\xa3}\xec3\
\x00\x17\xc0B\xbb\x83\x9f.W\xf0\x17s\x8b\xf8\xc9r\
\x19\xb3I\xb5\x09.\xd0=S#\xf8\xfc?\xc9_\xbe\
\x99\xed/\x7f`\xd8\x08\xc0\x88\x06-\x04\xc9_1r\
\x07\xfb\xb4\x5c\x17\x1f5\x9a8\xe4U\x14(\x007\xa5\
Sx\xbdT\x19z.\xbb\x10$\xff\xe8\xd9\x14w\xdb\
u\xf1n\xa5\x86w+5\x14M\x03\xfb\xd2I\xecK\
\xa5\x06\x96\xdc\x8d\x0a\x17\xdd\xe1\xf8\xb9f\xf7T\xc3\x8e\
s#\xf8\xbci\xe0`&x\xd1\xa3\xcd|Xo\x0a\
\x15\x09\xea\x0f\xc9_\xbe\x99\x9d!\x7f`P\x020\xc2\
A\x0f\x85\xe4\xaf\x98`\xa7\xfa\xbd_\xad)O\x004\
\xc6pW!\x87\x93\x8b\xcb\xc1\x1a\x22\xf9G\xcf\x90\xb8\
W:6VJ5\xbcQ\xaa!\xad\xeb\xd8\x9dJ`\
6ia*aF\xf6).ul,\xb4:Xh\
\xb5\xb1\xd8^7\xa7\xbf)\xf6c\xc5\x1c\xb4\x10\xa2z\
\xafR\x0f\xf0j\x92\xbf|3;G\xfe@\xbf\x04`\
\xc4\x83\x1e\x08\xc9_1\xc1\x8f\xf4\xbd\xdal\xa1b\xdb\
\xc8\x19j\xf7h\xdf\x94I\xe1\x8dre\xad~\xbco\
H\xfe\xd1#\x14\xf7\x8dk\xae\xee88_m\xe0|\
\xb5\x01}\xb5r_\xc14\xd6\xfe\x9b1t\x18\x01\xd6\
\x0e\xb4\x5c\x175\xdbA\xb9c\xafU\x15,\xdb\xceZ\
\xe9\xdd\x0d\xe1n\x8a\xbd`\x1a8\x14\xc2\xdd\x7f\xd5\xb6\
q\xad)[\xfc\x87\xe4/\xdf\xcc\xce\x92?\xe0\x95\x00\
\x8cA\xd0}!\xf9+&\xb8\xfc{Oy\xbfZ\xc7\
=\xc5aG\x04\xfaC\x03\xc3\xb1B\x0e\xc7\x17$F\
\x01H\xfe\xd1\xe3S\xfe\x9bq8\xc7\xf2j5\xbd\xf5\
\x18\x8c!\xa5\xebH\xea\x1aL\x8d\xc1\xd44h\xc0\x86\
2\xc4\x1d\xce\xe1r\x0e\x9bs\xb4\x1c\x17\x8d\xd5\xaa\x81\
\x83B\x1a$\x7f\x00\xb8{\x22\x07\x16\xc2\xf7\xcb\xbb\x95\
\xba\xe4\x9f\x98\xe4/\xdf\xcc\xce\x93?\xb09\x01\x18\x93\
\xa0=!\xf9+F\x8d\xfc{\xbcW\xad\xe1\xaeB\x16\
\x06\xf3_{j\x10\x07\xd3)L%jXl\xfb8\
/\x9d\xe4\x1f=\x01\xe5?\x08\x9bsTl\x1b\x15\x05\
\xcbAz\x0c\x93\xff\x8c\x95\xc0\x81\xb4\xfa\xbb\x7f\x9bs\
\xbcW\x95\x19\xfe'\xf9\xcb7\xb33\xe5\x0f\xac\xdf\x05\
0FAo\x81\xe4\xaf\x18\xb5\xf2\x07\xbaC\xad\x1f(\
\xadj\xd6\x85\x81\xe1\x81\xc9\x82\xf8_\x9b\xe4\x1f=!\
\xca?\x0c\x86\xc9\x9f\x01\xb8\x7f2\x1f\xca\xdd\xff\xfb\xd5\
\xba\xc4\xe2?\x92\xbf|3;W\xfe@/\x01\x18\xb3\
\xa07@\xf2W\x8cz\xf9\xf7x\xab\x5c\x85\xea\xca\x80\
\x000\x9dH\xe0PF`\x91!\xc9?z\xb6\x99\xfc\
\x01\xe0p6\xed\xff\x80#\x01\x5cp\xfc\xac\x5c\xf3\xf9\
*\x92\xbf|3;[\xfe\x00\xa0\x8dc\xd0k\x90\xfc\
\x15\x13\x9e\xfc\x01\xa0b\xdb\xb8\x1c\xd2q\xbe\xf7\x14\xf3\
\x83\x17\x83\x91\xfc\xa3g\x1b\xca\xdf\xd4\x18\xee\x9d\xc8\x85\
\xf2\xfe\x1f\xd5\x9b\xa8\xf8Z\xd0J\xf2\x97o\x86\xe4\x0f\
\xc8\x1c\x064*\x90\xfc\x15\x13\xae\xfc{\xbc\x15\xd2I\
~\x19\xdd\xc0\xb1~\x8b\x0cI\xfe\xd1\xb3\x0d\xe5\x0f\x00\
\xf7L\xe4\x91\x129\xd5P\x827K~\xee\xfeI\xfe\
\xf2\xcd\x90\xfc\x01\x00|\x5c\x13\x00\x92\xbfb\xa2\x91?\
\x00\x5co\xb5qUz\x8b\xd3`n\xcfe\xb6\x96\x1d\
&\xf9G\xcf6\x95\xff\xb4\x95\xc0\xc7r\xe9Pb\xb8\
\xd2hb\xa1%\xba\x90\x95\xe4/\xdf\x0c\xc9\x1f\xc0Z\
\xdc\xe3\x97\x00\x90\xfc\x15\x13\x9d\xfc{\x9c-\x95\xd56\
\xb8\x0a\x03\xc3'&\x8b7j\xca\x93\xfc\xa3g\x9b\xca\
_c\x0c\x0fO\x17B)\xfa\x03\x00gWDG\xc6\
H\xfe\xf2\xcd\x90\xfc\x01l\x88{\xbc\x12\x00\x92\xbfb\
\xa2\x97?\x00\xcc\xb7\xda\xb8\x12\xd2Z\x80\xa2i\xe2\xce\
\xff\xbf\xbd;\x0f\x92\xf3\xb8\xef3\xfe\xf4;\xb3\xf7.\
\x16\xc0.@B4)^\xb2$\x1e\x00$\x90\xa2\x00\
\x914,J\x04@\xca\xaa\x92\x13)\xa98%\x95\x1c\
[\x95\xcb\xa9$.K\x8e\x9d\x0a\xa38v,K.\
\xe7(W9\x8e\x9d\xca\xa1\xc8\x8ed\xa7\x22\xf1\x02H\
Q`\x08\xf0\x12@R<E\xf1&E\x89\x04\x16{\
\x9fs\xbd\x9d?f\x07\x5c\xec\xce\xee\xce\xf4\xbc\xdd\xf3\
\xce\xec\xf7\xa9RA\x00f~\xdb\x9c\x9a\xc5\xa7w\xe6\
}\xe7\xdd\xd4/\xfc\x9bQ\x9b\xe2\x0fp\xf5`?\x9b\
=\x5c\xf0\x07\xca\xef\xfd\xd7\xf6\xd3\xbf\xf0w\x1f#\xfc\
\x81\x15\xebn\x9d\x0d\x80\xf0O\xb8\xe6\xe0_\xe9\xc9\xc9\
)/g\x04\x00\x5c\xb5i \xf1+\x10\xbe\x93\xf0\xaf\
Z\x1b\xe3\xbf\xbd\xbb\x93+7\xfb\xb9\x04\xb5\xc5\xf2\xd4\
\xc4t\x0d\xb7\x14\xfe\xeec\x84?Pu\xdd\xad\xb1\x01\
\x10\xfe\x09\xd7\x5c\xfc\x01\xc6\xf2\x05\xdeL\xe4r\xa7+\
\x8b\x8ca\xef\xd0\x16:\x12\xbf\x90\x8c\xf0\xafZ\x1b\xe3\
\xdf\x19E\xec\x1b\xde\xec\xed\xa5\xff7f\x17\x18[\xf7\
\xb2\xd6\xc2\xdf}\x8c\xf0\x07V]w\xfa7\x00\xc2?\
\xe1\x9a\x8f\x7f\xa5'&\xa6\xbc\x5c*\x18`\xa0#\xcb\
5[6'8Q\xf8W\xad\x8d\xf1\x07\xf8\xd0\xd0 \
\xfd\x09_\xc3\xa2R\xc9Z\x1e\x1f_\xefx\x18\xe1\xef\
>F\xf8\x03k\x1f\xdb\x12n\x15\x0e\x09\xff\x84K\x0f\
\xfeP\xfe\x5c\x80\xe7\xa7\xfd\x9c\x16\x08pi\x7f/\x97\
\xf5'q\xd4\xb6\xf0\xafZ\x9b\xe3\xff\xb3\x03}\x5c\x5c\
\xcb\x07L9\xf6\xdc\xd4\x0c\xb3\xc5\xd2\x1a\xb7\x10\xfe\xee\
c\x84?\xb0\xee\xba\xd3\xbb\x01\x10\xfe\x09\x97.\xfc+\
=;5\xcd|i\xad\x7f\x04\x1b\xeb\xda\xad\x9b\x19\xea\
l\xe4x\x00\xe1_\xb56\xc7\x7f\xb8\xab\x93=[\x93\
\xbdx\xd5\xd2\xe6J%\x9e\x9d\x5ck\xf3+\xfc\xdd\xc7\
\x08\x7f\xa0\xa6u\xa7s\x03 \xfc\x13.\x9d\xf8\x03\x14\
b\xcb\x93\x9eN\x0b\x84\xf2\x15\xe1n\xd8\xb6\x85\xee\x8c\
\xcbS]\xf8W\xad\xcd\xf1\xef\xceD\xdc\xb8}\xcb9\
W\x13L\xba'\xc6\xa7(\xc6\xab-F\xf8\xbb\x8f\x11\
\xfe@\xcd\xebN\xdf\x06@\xf8'\x5cz\xf1\xaf\xf4\xca\
\xcc\x1c#5\x7f\x08J\xfd\xf5e\xb3\x5c?\xbc\xf5\x9d\
\xcf\x07\xa8)\xe1_\xb56\xc7?c\x0c7n\xdbB\
\xaf\xa7O\xfb\x038\xb5\x90\xe3\xb5\x99\xd5.\x8c%\xfc\
\xdd\xc7\x08\x7f\xa0\xaeu\xa7k\x03 \xfc\x13.\xfd\xf8\
W\x96\xf0\xc8\xd8\xb8\xb7\x03\x02\x01\xce\xeb\xeeb\xdf\xd0\
\xe6\x1a\x9fM\xc2\xbfjm\x8e\xbf\x01\xae\x1b\x1ad{\
w\x97\xa7\x15\x95\x0f\xfc\xfb\xfe\xe8\xe4*\xcb\x11\xfe\xee\
c\x84?P\xf7\xba\xd3\xb3\x01\x10\xfe\x09\xd7\x1a\xf8W\
\x9a*\x14yv\xaa\x96\xf3\xa1\xdd{w_/W\x0d\
\xaew!\x17\xe1_\xb56\xc7\x1f`\xe7\x96\x01.M\
\xe4\xa0\xd1\xd5{zb\x9a\xc9\xaa\x17\xfc\x11\xfe\xeec\
\x84?\xe0\xb4\xeetl\x00\x84\x7f\xc2\xb5\x16\xfe\x95\x9e\
\x9d\x9aa\xb2\xb0\xde9\xd1\x8du\xf5\xe0\xc0\x1ag\x06\
\x08\xff\xaam\x00\xfc\xdf3\xd0\xcb\xd5\xebn\x0e\x1bk\
<_\xe0\xb9\xaa\x97\xfb\x15\xfe\xeec\x84?\xe0\xb8n\
\x93\x82\x0d\x80\xf0O\xb8\xd6\xc4\x1f \xb6\x96G\xc7&\
\x88=.\xd0\x98\xf2\xf5\x02\xde\xdd\xbb\xfc\xf4.\xe1_\
\xb5\x0d\x80\xff\xc5}=\x5c;4\xe8c9g\x8b\xb1\
<2:A\xbc\xe2m.\xe1\xef>F\xf8\x03\xce\xf8\
C\xb3_\x01\x10\xfe\x09\xd7\xba\xf8W\x1a\xc9\xe5\xd79\
=\xaa\xf1\x22c\xd87\xbc\x85\x9f\xe9\xe9^\xfc\x13\xe1\
_\xb5\x0d\x80\xff\xbbz\xba\xd8\xeb\xf1\x93\xfe*=5\
1\xcdhn\xf9\xab[\xc2\xdf}\x8c\xf0\x07\x1a\xc2\x1f\
\x9a\xb9\x01\x10\xfe\x09\xd7\xfa\xf8Wzzr\x8a3y\
\x7fg\x05@y\x13p\xfd\xb6\xad\x9c\xdf\xdd-\xfc\xab\
\xb5\x01\xf0\xdf\xd1\xd3\xc5\xcfm\xdf\xea\xf5t?(_\
\x02{\xe5\xa6V\xf8\xbb\x8f\x11\xfe@\xc3\xf8C\xb36\
\x00\xc2?\xe1\xda\x07\x7f(/\xf5\xc13\xe3\x14\xe2\xd8\
\xeb\xd7\xc9\x18\xc3\xfe\xed[\xb9\xb0\xb7{\xfd\x1b\xbb\xd4\
B\x8f\xf99m\x00\xfc/\xe8\xedf\x7f\x00\xfc\xf3q\
\xcc\x83#\xe3\x9c\xfb\xca\xbf\xf0w\x1f#\xfc\x81D\xf0\
\x87fl\x00\x84\x7f\xc2\xb5\x17\xfe\x95f\x8aEN\x8e\
Mz\xfd\x1a\x96\xc5W\x02\x86\xb7T9& \x81\xe1\
\xad\xd8\x06\xc0\xff\xe2\xbe\x1e~n\x9b\xdf\x0f\xfa\xa9\xf4\
\xfd\xd1\xc9e\x1f\xf7+\xfc\xdd\xc7\x08\x7f 1\xfc!\
\xf4\x06@\xf8'\x5c{\xe2\x0f\x80\x85Wf\xe7xi\
\xa6\xdaQ\xd3\x89\x8c?[d\x0c\x1f\x19\xde\x92\xd0u\
\x03h\xe9\xc7|\xfd\xd2\xf3\xfd\xeaz\xb4\xff\xbem\x9b\
\xeb\xfcP(\xb7^\x98\x9e\xe5\xb5\xd9\xa5\x1f\xf8#\xfc\
\xdd\xc7\x08\x7f Q\xfc!\xe4\x06@\xf8'\x5c{\xe3\
_\xe9\xe4\xd8$\xa3\x09\x7fJ`\xb5\x87\xc5\x18\xf8\xf0\
\xd0f\xae\xd92\xd8\xd8\xb3\xb2\x0d\x1e\xf3\xd5K\xcf\xf7\
k\xbd\xf8\x1b`\xe7\xe6\x01\xae\x1b\xf2\x7f\xc0\x1f\xc0\x99\
\x5c\x9e\xc7\xc6\x96~\xc4\xb5\xf0w\x1f#\xfc\x81\xc4\xf1\
\x87P\x1b\x00\xe1\x9fp\x1b\x03\x7f(\x7fr\xda\xb13\
c,$t\xc1\xa0\xf5\x1e\x96\xf7n\xea\xe3\xfaa\xc7\
\x97\x87\xdb\xe41\xaf^z\xbe_\xeb\xc5?c\x0c\xfb\
\xb6mf\xe7f\xbf\xe7\xf9WZ(\x95x`d\xe9\
'[\x0a\x7f\xf71\xc2\x1f\xf0\x82?\x84\xd8\x00\x08\xff\
\x84\xdb8\xf8W\x9a-\x96x\xf0\xccx\x95s\xa8\x13\
\x19\xbf\xa2\x8b\xfaz\xf8\xe8\xf6\xa1\xfa. \xd4f\x8f\
\xf9\xb9\xa5\xe7\xfb\xb5^\xfc\xbb3\x117\x9d\xb7\x95K\
\xfa\xfc~\xc2_\xa5\x18\xcb\xb1\x91q\xe6\xce\xbe\xef/\
\xfc\xdd\xc7\x08\x7f\xc0\x1b\xfe\xe0{\x03 \xfc\x13n\xe3\
\xe1_\xe9\xed\x85\x1c'\x1a8(\xb0\xde\x87e{w\
'\x87\xce\xdf\xc6pW\x0d\x97\x12n\xd3\xc7\xbc\x5cz\
\xbe_\xeb\xc5\x7f\xa8\xab\x83\x83;\x86\xbd~\xb6\xff\xf2\
\x1e\x1b\x9b\xe2\xd4B\xe5-+\xe1\xef>F\xf8\x03^\
\xf1\x07\x9f\x1b\x00\xe1\x9fp\x1b\x17\xffJ/\xcd\xcc\xf2\
\xc3\xa9\xfa?$\xc8\xf5a\xe9\xcdf\xf8\xf8yC\xbc\
o\xa0/\xf9\xe1\xcd\xae\xcd\xf1\x7f\xcf@/\x07\xce\x1f\
\xa6?\x9b\xf5\xb5\xa4\x15=79\xc3\x8f\xce~\xd4\xaf\
\xf0w\x1f#\xfc\x01\xef\xf8\x03\xf8\xf9\xee\x10\xfe\x09'\
\xfc+=1>I\x7f6\xc3\x855\x9e\xb6\xd7\xe8\xc3\
\x12\x19\xc3\x9e\xad\x83l\xed\xec\xe4\xc4\xf8\x04\x858\xb5\
O\x92\xdakc\xfc;\xa3\x88\x0f\x0d\x0drq_\xc2\
\xa7u\xae\xd3\xeb\xb3\xf3<1^9\xe8O\xf8\xbb\x8f\
\x11\xfe@\x10\xfc\xc1\xc7+\x00\xc2?\xe1\x84\xff\xf2\xbb\
<tf\xbc\xa63\x03\x92|X.\xe9\xef\xe1\x96\x1d\
\xdb\xd9VyK\xa0\xad\x1f\xf3\xf4|\xbf\xd6\x83\xff\xf6\
\xeeNny\xd7pp\xfcGry\x1e>3\xb1\xb8\
<\xe1\xef>F\xf8\x03\xc1\xf0\x87\xa47\x00\xc2?\xe1\
\x84\x7f\xb5\x8a\xd6r\xf4\xf4(\x13\xf9\xd5\xaf\x1c\xe8\xe3\
a\xe9\xcff\xf8\xf8y\xc3\xec\x1c\x1c\x08r\x1ey\xe2\
\xb5)\xfe\x911\xec\xda2\xc0\xc7\xce\x1f\x0a\xfa\x92?\
\x94\xaf\xf0w\xf4\xd4\x18Ek\x11\xfe\x8d\x8c\x11\xfe@\
P\xfc!\xc9\x0d\x80\xf0O8\xe1\xbfV\xb98\xe6\xbe\
\xd3g\x98\xaar\xf9`\x9f\x0f\x8b\xa1|I\xe1[v\
\xd4x\x80`ZjS\xfc\xb7u\x95\x7f\xea\xbfzp\
 \xc8\xf9\xfdK\x9b.\x16\xf9\xde\xa91\xf2q\x8c\xf0\
od\x8c\xf0\x07\x82\xe3\x0fIm\x00\x84\x7f\xc2\x09\xff\
ZZ(\xc5|\xef\xf4(\xb3\xc5\xa2\x8f\xf1+[2\
|\xb0#\xcb\x81\xf3\x87\xd9\xb3u\x90l\xda_\x0dh\
C\xfc;\x22\xc3\xb5C\x83\xdc\xbcc\x88\xcd\x1d\x1d!\
\x96uN3\xc5\x22\xdf}{\x94\xf9R\x09\xe1\xdf\xc8\
\x18\xe1\x0f4\x05\x7fHb\x03 \xfc\x13N\xf8\xd7\xd3\
l\xb1\xc4}\xa7\xcb\xff\x10\x87\xc2\x7fi\xef\x1b\xe8\xe3\
\x17.\xd8\xce%}=\xe9|\xd6\xb7\x19\xfe\x06\xb8\xb4\
\xbf\x87O^\xb0\x9d\xf7\x0e\xf4a\x9a\xb0\xf6\xf9R\x89\
\xfbN\x8d-~\xc6\xbf\xf0w\x1f#\xfc\x81\xa6\xe1\x0f\
`n}\xe8\x11\xf7\x87M\xf8'\x9c\xf0w\xcb\xd0\x97\
\xcdp\xd3y\xc3\xf4g3\xc9\x8f\xafq\xedc\xf9\x02\
'\xc7&\x19I\xf8\xa3\x8b\x9dk3\xfc\x87\xba:\xb8\
f\xeb\xe0;\x07b6\xa1\xd9b\x89\xfbN\x8d2U\
(\x22\xfc\x1b\x19#\xfc\x81\xa6\xe2\x0f\x8dl\x00\x84\x7f\
\xc2\x09\x7f\xb7\xcc\xd9\xf1}\xd9\x0c7m\x1fb\xa0#\
\xc1\x03\xc1\x1c\xd6\xfe\xc6\xdc<OML3Y(\xae\
\x7fc_\xb5\x11\xfe\x9b;\xb3\xec\xdc<\xc0\x85\xbd\xdd\
M\xf9\x89\xbf\xd2T\xa1\xc8}\xa7F\xf5\x93\x7f\xc3c\
\x84?\xd0t\xfc\xc1u\x03 \xfc\x13N\xf8\xbbeV\
\x8c\xef\xc9D|t\xfb\x10\x9b;\x13x_\xb8\xc1\xb5\
\xbf17\xcf\x93\x13\xd3\x8b?-\x06\xacM\xf0\xef\xcf\
f\xb8r\xb0\x9f\xcb\x06z\x83\x1f\xe0\xb7\xbc\xc9B\x81\
\xef\xbe=\xa6\xf7\xfc\x1b\x1e#\xfc\x81T\xe0\x0f.\x1b\
\x00\xe1\x9fp\xc2\xdf\xad\x95\xf8W\xea\x8a\x22\xf6o\xdf\
\xda\xd8Q\xfa\x09\xfe\xa3\xf8\xfa\xec<?\x9c\x9aal\
\x8d\xd3\x16\x13\xab\x0d\xf0\xdf\xda\xd9\xc1\x15\x83\xfd\x5c\xd4\
\xd7\xddt\xf8\xa1|\x9e\xff\xfd\xa7\xc7\xc8\x95t\xb4\x7f\
cc\x84?\x90\x1a\xfc\xa1\xde\x0d\x80\xf0O8\xe1\xef\
\xd6\xea\xf8W\xca\x1a\xc3\xde\xe1-\x5c\xd4\xdb]\xffx\
Ok?\xb5\x90\xe3\xb9\xa9Y\xde\x9a_\xf0\xf3%Z\
\x18\x7fc\xe1]=]\xbc\x7f\xb0\x9f\xf3\x03~v\xff\
z\xbd>;\xcf\xc3g&t\x9e\x7f\xc3c\x84?\x90\
*\xfc\xa1\x9e\x8f\x02\x16\xfe\x09'\xfc\xddZ\x1f\x7f(\
\x7fX\xd0\xf1\x911\xae\x1e\x1c\xe0\xeaz.\x03\xebq\
\xed\xe7uwq^w\x17s\xc5\x12\xaf\xcd\xcd\xf3\xc2\
\xf4\xec\xe2\xfb\xc9\x09\xd4\xa2\xf8\xf7d\x22.\xed\xeb\xe5\
\xf2\x81^\x06\x02\x7f\x88\xcfz=?5\xcbcc\x93\
\x8bk\x15\xfe\xeec\x84?\x90:\xfc\xa1\xd6\x0d\x80\xf0\
O8\xe1\xefVm\xf8W\xb2\xc0S\x93\xd3,\xc41\
\xd7l\x19d\xdd\xd3\xf5\x03=\xe6\xbd\xd9\x0cWl\xea\
\xe7}\x03}\xfcd>\xc7\xab\xb3s\xfct>\xb7\xe4\
\xfa\xf1u\xd6b\xf8g\x8caGO\x17\x97\xf6\xf7r\
AOW*^\xe6_Z\x8c\xe5\xc4\xe8$/N\xcf\
-\xfe\x89\xf0w\x1f#\xfc\x81T\xe2\x0f\xb5l\x00\x84\
\x7f\xc2\x09\x7f\xb7\xea\xc3\x7fi/L\xcf2U(r\
\xfd\xf0\x16\xba2\xab|\xf4E\x13\x1e\xf3\xc8\x18.\xec\
\xed\xe6\xc2\xden\x0a\xb1\xe5\xcd\xf9\x05^\x9f\x9d\xe7\xad\
\x85\x1cq\xad\x9b\x81\x16\xc1\xbf\x82\xfeE\xbd\xdd\xfcL\
o7\x1dQ\x94\xca\xe7\xf9B\xa9\xc4\xb1\x91q]\xd2\
7\x911\xc2\x1fH-\xfe\xb0\xde1\x00\xc2?\xe1\x84\
\xbf[\xee\xf8/\xad7\x93\xe1\x86m[V\x1e\x1c\x98\
\xb2\xc7\xbcd-#\xb9<?\x99_\xe0\xc7s\x0b\xab\
\xbfM\x90r\xfc\xfb\xb2\x19v\xf4t\xb1\xa3\xbb\x8b\x1d\
=]e\xf4+\xa5\xec1\x07\x18\xcd\xe7y\xe0\xf4\xf8\
\x92\xc7[\xf8\xbb\x8f\x11\xfe@\xaa\xf1\xb7\xac\xb5\x01\x10\
\xfe\x09'\xfc\xddJ\x06\xffJ\x19c\xb8f\xcb \x97\
\x0f\xf4\x96\xff\xa0\x05\x1e\xf3\xa9B\x91\x91\x5c\x9e\xd3\xb9\
<gr\xf9\xf2i\x85)\xc4\x7fSG\x96\xe1\xaeN\
\xb6wu\xb2\xbd\xbbs\xf5\xcfcH\xe1c\xfe\xe2\xf4\
,'\xc6\xa6\x96\xbc\xf2\x22\xfc\xdd\xc7\x08\x7f \xf5\xf8\
\xc3jo\x01\x08\xff\x84\x13\xfen%\x8b?\x94\x7f\xba\
~tl\x82\x91\x5c\x9ek\xb6\x0c\xd2\x11\xa5\xffy\xbd\
\xa9#\xcb\xa6\x8e,\x97\xf5\x977-\x0b\xa5\x98\xf1|\
\x81\xf1|\x81\x89|\x81\x89B\x91\xc9Bq\xd9\xdb\x06\
\xfe\xfe\xbb\x22c\x18\xec\xc8\xb2\xb9#\xcb\xe6\xce\x0e\xb6\
tf\xd9\xd2\xd9Aw\xa6\x86OaL\xd9\xf3<\x1f\
\xc7|\x7ft\x92\xd7f\xe7\x97\xfc\xa9\xf0w\x1f#\xfc\
\x81\x96\xc0\x1f\xaam\x00\x84\x7f\xc2\x09\x7f\xb7\x92\xc7\x7f\
i\xaf\xcc\xccqz!\xc7G\x86\xab\xbc%\x90\xf2\xba\
3Q\xf9\xa5\xf5\x9e%\xa7\xcbY\x98+\x95\x98)\x96\
\x98-\x96\x7f](\xc5\xe4\xe2\x98\xdc\xe2\xaf\x858\xa6\
\x10[,\x10[\xbbxj[\xf9\x94\xc9\xc8\x94?c\
\xaf#2tD\x11]QDW&\xa2{\xf1\xd7\xfe\
l\x86\xfel\x96\xbel\x86\xdeL\xc4\xfaGTV)\
e\xcf\xf3\xd3\xb9<\x0f\x8e\x8c/{\x8bE\xf8\xbb\x8f\
\x11\xfe@\xcb\xe0\x0f\xcb7\x00\xc2?\xe1\x84\xbf[~\
\xf1\xaf\x0c\x9f)\x96\xb8\xe7\xed3\x5c1\xd8\xcf\xce\xc1\
\x01\xa2\xb4_\xd5o\xadL\xf9\xec\x82\xde\x94\x9dJw\
\xb6\x14=\xcfc,\xcfL\xcc\xf0\xf4\xe44\xe7\x1ek\
)\xfc\xdd\xc7\x08\x7f\xa0\xa5\xf0\x87\xa5\x1b\x00\xe1\x9fp\
\xc2\xdf\xad0\xf8/\xfd\xed\xb3\x933\x9cZ\xc8\xf3\xe1\
\xa1\xcd\x0c&y\x1d\x81\xe0\xa5\xf4\xfb5E\xcf\xf3\xf1\
|\x81GF'\x18\xcd-\xffTF\xe1\xef>F\xf8\
\x03-\x87?T6\x00\xc2?\xe1\x84\xbf[a\xf1_\
\xda\x99\x5c\x9e\xbb\xde\x1a\xe1\xfd\x9b\xfaZ\xf4\xd5\x80\x94\
\xae7%\xcf\xf3\xd8Z~85\xcb\x93\x13\xd3UN\
\xb1\x14\xfe\xeec\x84?\xd0\x92\xf8\x03d\x85\x7f\xd2\x09\
\x7f\xb7\x9a\x87\x7f\xa5\xd8Z\x9e\x9d\x9c\xe1\x8d\xd9\x05\xae\
\x1b\x1a\xe4\xbc\x14}$\xed\xda\xa5\xf4\xfb5%\xcf\xf3\
\xd3\xb9<\x8f\x9e\x99X\xe5\xea\x8c\xc2\xdf}\x8c\xf0\x07\
Z\x16\x7f\xa8z\x16@J\xff1Y\x9a\xf0\x0f_\x9b\
\xe3\xbf\xb4\xe9b\xf9\xb2\xaf\x97\xf4\xf7\xb2{\xf3\x00=\
\xb5\x1c\xdd\xde\xb4R\xfa\xfd\x9a\x82\xe7\xf9\x5c\xa9\xc4\x0f\
\xc6\xa7xuf~\x95\xe5\x08\x7f\xf71\xc2\x1fhi\
\xfc\xb1+6\x00)\xfd\xc7di\xc2?|\x1b\x08\xff\
\xa5w{ef\x8e7f\xe7\xb9b\xb0\x9f+7\xf5\
\xa7\xf0m\x81\xb4\xadg\xb1&?\xcfckyaz\
\x8e''\xa6(\xc4\xab-F\xf8\xbb\x8f\x11\xfe@\xcb\
\xe3\x0f\xe7l\x00R\xfa\x8f\xc9\xd2\x84\x7f\xf86 \xfe\
K+Z\xcbS\x13\xd3\xbc23\xc7\x07\xb6\x0c\xba]\
]\xd0K)\xfd~m\xe2\xf3\xdcbycv\x81\xc7\
\xc7\xa7\xd6\xb9\xc8\x92\xf0w\x1f#\xfc\x81\xb6\xc0\x1f\xce\
n\x00R\xfa\x8f\xc9\xd2\x84\x7f\xf868\xfeK\x9b)\
\x96862\xc6\xe6\xce\x0e\xae\x1e\xec\xe7\xa2\xde\x9ed\
\xbf@]\xa5\xf4\xfb\xb5\x89\xcf\xf3\xb7\x16r\xfc`|\
\xaa\xca\xd1\xfd\xcb\x13\xfe\xeec\x84?\xd06\xf8\x03d\
S\xfb\x8f\xc9\xd2\x84\x7f\xf8\x84\x7f\xd5&\xf2\x05\x8e\x8d\
\x8c3\xdc5\xcbU\x83\xfd\x5c\xd0\x13\xfa\x15\x81\x94~\
\xbf6\xe9y^;\xfc \xfc\x1b\x19#\xfc\x81\xb6\xc2\
\x1fj\xbd\x1cp3\x13\xfe\xe1\x13\xfe\xebv&\x97\xe7\
\xfe\xd3cl\xeb\xea\xe4\xfd\x9b\xfa\xb90\xc8[\x03\xc2\
\xbf\xfc\xe5,?\x9e[\xe0\xb9\xc9Y\xce\xe4\xf2\xeb\xdf\
\x01\x10\xfe\x8d\x8c\x11\xfe@\xdb\xe1\x0fi\xdf\x00\x08\xff\
\xf0\x09\xff\xba\x1a\xc9\xe5\x19\x19\x19\xa3?\x9b\xe1}\x9b\
\xfa\xb9\xbc\xbf\x97\x8c\x97\x83\x05\x85\x7f\xc9Z^\x9f\x9d\
\xe7\x99\xc9\x99\xf2\x05\x91jN\xf8\xbb\x8f\x11\xfe@[\
\xe2\x0fi\xde\x00\x08\xff\xf0\x09\x7f\xe7f\x8a%N\x8e\
M\xf2\xf4\xc44\xef\x19\xe8\xe5\xb2\xfe^\xfa\x13\xfbX\
\xde\x8d\x8d\xfft\xb1\xc8K\xd3s\xbc43G\xae\x14\
\xd7yo\xe1\xef>F\xf8\x03m\x8b?\xa4u\x03 \
\xfc\xc3'\xfc\x13)\x17\xc7<39\xc33\x933\x0c\
uvp\xf9@\x1f\x97\xf4\xf54\xf0\xaa\xc0\xc6\xc4\xbf\
d-o\xce-\xf0\xe2\xcc\x1c\xa7\xe6s\x8e_N\xf8\
\xbb\x8f\x11\xfe@[\xe3\x0fi\xdc\x00\x08\xff\xf0\x09\x7f\
/\x8d\xe6\x0b\x8c\x8eN\xf0\x83\xf1).\xee\xeb\xe1\xdd\
}=l\xab\xeb\xca\x83\x1b\x0b\x7f\x8bed!\xcf\xeb\
s\x0b\xbc:3O>\xae\xf7\xa7\xfd\xa5\x09\x7f\xf71\
\xc2\x1fh{\xfc!m\x1b\x00\xe1\x1f>\xe1\xef\xbd\x5c\
\x1c\xf3\xa3\xe9Y~4=Ko&\xc3E\xbd\xdd\x5c\
\xd4\xbb\xb8\x19X\xf5\xa9\xb5q\xf0\x9f,\x14xef\
\x9eWg\xe7\x99[\xf3\xfc\xfdZ\x13\xfe\xeec\x84?\
\xb0!\xf0\x874m\x00\x84\x7f\xf8\x84\x7f\xf0\xe6\x8a%\
\x9e\x9f\x9a\xe5\xf9\xa9\xf2f\xe0]=]\xec\xe8\xe9f\
GO'\x1dQ\xb4x\xab\xf6\xc6?\x1f\xc7\xbc\xbd\x90\
\xe3\xa7\xf39~2\x97c\xbe\x94\x04\xfa\x95\x84\xbf\xfb\
\x18\xe1\x0fl\x18\xfc!-\x1b\x00\xe1\x1f>\xe1\x1f\xbe\
e\xeb\x9e+\x95xi\xa6|p\x9b\x01\xb6uw\xf2\
\xae\x9en\xb6uu2\xd4\xd9I&J\xd1F\xa0\x81\
\xc7\xbch-c\xb9<\xa7ry\xde\x9a\xcf1\x92\xcb\
\xb3\xe2\x82|\x89$\xfc\xdd\xc7\x08\x7f`C\xe1\x0fi\
\xd8\x00\x08\xff\xf0\x09\xff\xf0\xad\xb3n\x0b\x9c^(p\
z\xa1\xfc\x816\x911\x0cuv0\xdc\xd5\xc9\xf6\xee\
N\xb6tf\xe9K\xec\xac\x82:\xab\xf31\x9f)\x16\
\x19\xcb\x17\x18Y\xc83\x92+0\x96/T\xb9\x04o\
\xd2\x09\x7f\xf71\xc2\x1f\xd8p\xf8\xc3\xf0\xf2\xf0\x00\x00\
\x15pIDATC\xb37\x00\xc2?|\xc2?|\
5\xad\xfb\xdc\xe7\x5clm\xf93\x06ry~8U\
\xfe\xb3\xce(b\xb0#\xcb\xe6\xce,[:;\x18\xec\
\xc8\xd2\x9f\xcd\xd2\x9b\x89\xc0\xd7\x85\x8aVY{\x8ce\
\xbe\x183S,2Y(2\x9e/0Y(2\x91\
/6x\xf0\x9eK\xc2\xdf}\x8c\xf0\x076$\xfe\xd0\
\xcc\x0d\x80\xf0\x0f\x9f\xf0\x0f\x9f\x03\xfe\xab\x95\x8f\xe3\xb3\
\x9b\x82\xa5E\xc6\xd0\x97\xc9\xd0\xdf\x91\xa1/\x9b\xa1'\
\x93\xa132tG\x11\x9dQDW&\xa2k\xf1\xf8\
\x82\xce\xc5_#\x03\xd9\xc5\xff_\x8ccb[^j\
!\x8e\xb1\x94\x0f\x5c\xcc\x95b\xf2\x8b\xbf.,\xfe:\
],1\xbb\xf8?\xff?\xd5\xd7\x92\xf0w\x1f#\xfc\
\x81\x0d\x8b?4k\x03 \xfc\xc3'\xfc\xc3\x97 \xfe\
k\x15[\xcbt\xb1\xc8t\xb1\x9eO\xc7[\x99]\xf5\
7iM\xf8\xbb\x8f\x11\xfe\xc0\x86\xc6\x1f Z\xff&\
\x09'\xfc\xc3'\xfc\xc3\x17\x08\xff\xa4\x12\xfeMN\xf8\
\x87o\x83\xe3\x0f\xa17\x00\xc2?|\xc2?|\xc2\xdf\
s\xc2\xdf}\x8c\xf0\x07\x84\xffb\xe16\x00\xc2?|\
\xc2?|\xc2\xdfs\xc2\xdf}\x8c\xf0\x07\x84\xff\x92\xc2\
l\x00\x84\x7f\xf8\x84\x7f\xf8\x84\xbf\xe7\x84\xbf\xfb\x18\xe1\
\x0f\x08\xffe\xf9\xdf\x00\x08\xff\xf0\x09\xff\xf0\x09\x7f\xcf\
\x09\x7f\xf71\xc2\x1f\x10\xfeU\xf2\xbb\x01\x10\xfe\xe1\x13\
\xfe\xe1\x13\xfe\x9e\x13\xfe\xeec\x84? \xfcW\xc9\xdf\
\x06@\xf8\x87O\xf8\x87O\xf8{N\xf8\xbb\x8f\x11\xfe\
\x80\xf0_#?\x1b\x00\xe1\x1f>\xe1\x1f>\xe1\xef9\
\xe1\xef>F\xf8\x03\xc2\x7f\x9d\x92\xdf\x00\x08\xff\xf0\x09\
\xff\xf0\x09\x7f\xcf\x09\x7f\xf71\xc2\x1f\x10\xfe5\x94\xec\
\x06@\xf8\x87O\xf8\x87O\xf8{N\xf8\xbb\x8f\x11\xfe\
\x80\xf0\xaf\xb1\xe46\x00\xc2?|\xc2?|\xc2\xdfs\
\xc2\xdf}\x8c\xf0\x07\x84\x7f\x1d%\xb3\x01\x10\xfe\xe1\x13\
\xfe\xe1\x13\xfe\x9e\x13\xfe\xeec\x84? \xfc\xeb\xac\xf1\
\x0d\x80\xf0\x0f\x9f\xf0\x0f\x9f\xf0\xf7\x9c\xf0w\x1f#\xfc\
\x01\xe1\xefPc\x1b\x00\xe1\x1f>\xe1\x1f>\xe1\xef9\
\xe1\xef>F\xf8\x03\xc2\xdf1\xf7\x0d\x80\xf0\x0f\x9f\xf0\
\x0f\x9f\xf0\xf7\x9c\xf0w\x1f#\xfc\x01\xe1\xdf@n\x1b\
\x00\xe1\x1f>\xe1\x1f>\xe1\xef9\xe1\xef>F\xf8\x03\
\xc2\xbf\xc1\xea\xdf\x00\x08\xff\xf0\x09\xff\xf0\x09\x7f\xcf\x09\
\x7f\xf71\xc2\x1f\x10\xfe\x09T\xdf\x06@\xf8\x87O\xf8\
\x87O\xf8{N\xf8\xbb\x8f\x11\xfe\x80\xf0O\xa8\xda7\
\x00\xc2?|\xc2?|\xc2\xdfs\xc2\xdf}\x8c\xf0\x07\
\x84\x7f\x82\xd5\xb6\x01\x10\xfe\xe1\x13\xfe\xe1\x13\xfe\x9e\x13\
\xfe\xeec\x84? \xfc\x13n\xfd\x0d\x80\xf0\x0f\x9f\xf0\
\x0f\x9f\xf0\xf7\x9c\xf0w\x1f#\xfc\x01\xe1\xef\xa1\xb57\
\x00\xc2?|\xc2?|\xc2\xdfs\xc2\xdf}\x8c\xf0\x07\
\x84\xbf\xa7V\xdf\x00\x08\xff\xf0\x09\xff\xf0\x09\x7f\xcf\x09\
\x7f\xf71\xc2\x1f\x10\xfe\x1e\xab\xbe\x01\x10\xfe\xe1\x13\xfe\
\xe1\x13\xfe\x9e\x13\xfe\xeec\x84? \xfc=\xb7r\x03\
 \xfc\xc3'\xfc\xc3'\xfc='\xfc\xdd\xc7\x08\x7f@\
\xf8\x07\xe8\xdc\x0d\x80\xf0\x0f\x9f\xf0\x0f\x9f\xf0\xf7\x9c\xf0\
w\x1f#\xfc\x01\xe1\x1f\xa8w6\x00\xc2?|\xc2?\
|\xc2\xdfs\xc2\xdf}\x8c\xf0\x07\x84\x7f\xc0\xca\x1b\x00\
\xe1\x1f>\xe1\x1f>\xe1\xef9\xe1\xef>F\xf8\x03\xc2\
?h\x86H\xf87!\xe1\x1f>\xe1\xef9\xe1\xef>\
F\xf8\x03\xc2?h\xe5\xc7\xed\xec[\x00\xe9Z\xbf\xf0\
wK\xf8WM\xf8{N\xf8\xbb\x8f\x11\xfe\x80\xf0\x0f\
\xda\xe2\xe3f\x177\x00\xe9Z\xbf\xf0wK\xf8WM\
\xf8{N\xf8\xbb\x8f\x11\xfe\x80\xf0\x0f\xda;\xf8\x03D\
\xe9Z\xbf\xf0wK\xf8WM\xf8{N\xf8\xbb\x8f\x11\
\xfe\x80\xf0\x0f\xda\xb9\xf8C\xbd\x97\x03\xf6\x9a\xf0wK\
\xf8WM\xf8{N\xf8\xbb\x8f\x11\xfe\x80\xf0\x0f\xdaJ\
\xfc!5\x1b\x00\xe1\xef\x96\xf0\xaf\x9a\xf0\xf7\x9c\xf0w\
\x1f#\xfc\x01\xe1\x1f\xb4\xea\xf8C*6\x00\xc2\xdf-\
\xe1_5\xe1\xef9\xe1\xef>F\xf8\x03\xc2?h\xab\
\xe3\x0fM\xdf\x00\x08\x7f\xb7\x84\x7f\xd5\x84\xbf\xe7\x84\xbf\
\xfb\x18\xe1\x0f\x08\xff\xa0\xad\x8d?4u\x03 \xfc\xdd\
\x12\xfeU\x13\xfe\x9e\x13\xfe\xeec\x84? \xfc\x83\xb6\
>\xfe\xd0\xb4\x0d\x80\xf0wK\xf8WM\xf8{N\xf8\
\xbb\x8f\x11\xfe\x80\xf0\x0fZm\xf8CS6\x00\xc2\xdf\
-\xe1_5\xe1\xef9\xe1\xef>F\xf8\x03\xc2?h\
\xb5\xe3\x0f\xc17\x00\xc2\xdf-\xe1_5\xe1\xef9\xe1\
\xef>F\xf8\x03\xc2?h\xf5\xe1\x0fA7\x00\xc2\xdf\
-\xe1_5\xe1\xef9\xe1\xef>F\xf8\x03\xc2?h\
\xf5\xe3\x0f\xc16\x00\xc2\xdf-\xe1_5\xe1\xef9\xe1\
\xef>F\xf8\x03\xc2?hn\xf8C\x90\x0d\x80\xf0w\
K\xf8WM\xf8{N\xf8\xbb\x8f\x11\xfe\x80\xf0\x0f\x9a\
;\xfe\x80\x8d\x80Br\x8bY\x9e\xf0wK\xf8WM\
\xf8{N\xf8\xbb\x8f\x11\xfe\x80\xf0\x0fZC\xf8\x03\x14\
\x22 \x9f\xccb\x96'\xfc\xdd\x12\xfeU\x13\xfe\x9e\x13\
\xfe\xeec\x84? \xfc\x83\xd60\xfe\x009O\x1b\x00\
\xe1\xef\x96\xf0\xaf\x9a\xf0\xf7\x9c\xf0w\x1f#\xfc\x01\xe1\
\x1f\xb4D\xf0\x07L>\x02r\x8d\x8eY6t\xfd\x9b\
\xb4\xdc\x03\xbe\x98\xf0\x0f\x9f\xf0\xf7\x9c\xf0w\x1f#\xfc\
\x01\xe1\x1f\xb4\xa4\xf0\x07\xb0\xb9\x847\x00\xc2\xdf-\xe1\
_5\xe1\xef9\xe1\xef>F\xf8\x03\xc2?hI\xe2\
\x0f@>\x023\x95\xcc,\xe1\xef\x96\xf0\xaf\x9a\xf0\xf7\
\x9c\xf0w\x1f#\xfc\x01\xe1\x1f\xb4\xc4\xf1\x07\x98\x88,\
\x8c6>G\xf8\xbb%\xfc\xab&\xfc='\xfc\xdd\xc7\
\x08\x7f@\xf8\x07\xcd\x0b\xfe\x18\xcbhd\x1a\xde\x00\x08\
\x7f\xb7\x84\x7f\xd5\x84\xbf\xe7\x84\xbf\xfb\x18\xe1\x0f\x08\xff\
\xa0\xf9\xc1\x1f \x8e\x18\x8d\xc0\x9eq\x1f!\xfc\xdd\x12\
\xfeU\x13\xfe\x9e\x13\xfe\xeec\x84? \xfc\x83\xe6\x0f\
\x7f\x00c\xcd\x99\x06^\x01\x10\xfen\x09\xff\xaa\x09\x7f\
\xcf\x09\x7f\xf71\xc2\x1f\x10\xfeA\xf3\x8b?\x80\xb1v\
4\xc2\xf0\xb6\xc3]\xd7\xbfI\xcb=\xe0\x8b\x09\xff\xf0\
\x09\x7f\xcf\x09\x7f\xf71\xc2\x1f\x10\xfeA\xf3\x8f?\x80\
5\xf6\xed(\x8e\xcdk\xf5\xddM\xf8\xbb%\xfc\xab&\
\xfc='\xfc\xdd\xc7\x08\x7f@\xf8\x07-\x0c\xfe\xe52\
\xafF&S|\xad\xf6;\x08\x7f\xb7\x84\x7f\xd5\x84\xbf\
\xe7\x84\xbf\xfb\x18\xe1\x0f\x08\xff\xa0\x85\xc4\x1f\xe2\xa8\xf0\
Z\x94\x8d\xe3\xd7j\xbb\xb9\xf0wK\xf8WM\xf8{\
N\xf8\xbb\x8f\x11\xfe\x80\xf0\x0fZX\xfc\x01\xdb\xb3`\
_7\xd6Zny\xf0\xfbg\x0c\x0c\xad~[\xe1\xef\
\x96\xf0\xaf\x9a\xf0\xf7\x9c\xf0w\x1f#\xfc\x01\xe1\x1f\xb4\
\xe0\xf8\x03\xbc}\xe4\xe6];\xa2\xc5/\xff\xe2\xea\xb7\
\x13\xfen\x09\xff\xaa\x09\x7f\xcf\x09\x7f\xf71\xc2\x1f\x10\
\xfeAk\x0a\xfe\x00/\x03\x947\x00\xd6>]\xfd6\
\xc2\xdf-\xe1_5\xe1\xef9\xe1\xef>F\xf8\x03\xc2\
?hM\xc3\x1f\xb0O\xc1\xe2\x06\x80\xc8T\xd9\x00\x08\
\x7f\xb7\x84\x7f\xd5\x84\xbf\xe7\x84\xbf\xfb\x18\xe1\x0f\x08\xff\
\xa05\x13\x7f\x80\xe8iX\xdc\x00\xc4%\xf3\xd4\xb9\x7f\
)\xfc\xdd\x12\xfeU\x13\xfe\x9e\x13\xfe\xeec\x84? \
\xfc\x83\xd6l\xfc\xc1\x9a\xf8\x9dW\x00\xe2lq\xc9+\
\x00\xc2\xdf-\xe1_5\xe1\xef9\xe1\xef>F\xf8\x03\
\xc2?h\xcd\xc7\x1f\xb0\x85\x0e\x9e\x85\xc5\x0d\xc0\xe1\xbd\
{\xc7\x80\xd7\x85\xbfk\xc2\xbfj\xc2\xdfs\xc2\xdf}\
\x8c\xf0\x07\x84\x7f\xd0R\x81?\xc0\xabG\xf7\xef\x9e\x80\
\xca1\x00\x00\x86\x87\xd6\xbd[\xf3\x17\xee\x96\xf0\x0f\x9f\
\xf0\xf7\x9c\xf0w\x1f#\xfc\x01\xe1\x1f\xb4\xd4\xe0\x8f5\
<X\xf9\xff\xefl\x00\xe2\xe8\xc1\xaa\xb7>{/\x7f\
\x0b\xf2\x9a\xf0\x0f\x9f\xf0\xf7\x9c\xf0w\x1f#\xfc\x01\xe1\
\x1f\xb4\xf4\xe0\xbf\xd8\xca\x0d\x80\xcd\xac\xf1\x0a@z\x16\
^_\xc2?|\xc2\xdfs\xc2\xdf}\x8c\xf0\x07\x84\x7f\
\xd0R\x87?\xc6\x9a\x95\x1b\x80\xfe7_}\x0a\x98Z\
q\xeb\x14-\xbc\xae\x84\x7f\xf8\x84\xbf\xe7\x84\xbf\xfb\x18\
\xe1\x0f\x08\xff\xa0\xa5\x0f\x7f`b\xdf\xc3;\x9f\xab\xfc\
\xe6\xec\x06\xe0\x9b\x9f\xfet\x09\x96\xbd\x0a\x90\xae\x85\xd7\
\x9e\xf0\x0f\x9f\xf0\xf7\x9c\xf0w\x1f#\xfc\x01\xe1\x1f\xb4\
T\xe2\x0fp\xfc\xb6\xdb\x88+\xbf\x89\x96\xfe\x8d\xc1\x1c\
9\xfb\x9b\xf4-\xbc\xb6\x84\x7f\xf8\x84\xbf\xe7\x84\xbf\xfb\
\x18\xe1\x0f\x08\xff\xa0\xa5\x16\x7f\xac\xb1\x87\x97\xfe\xfe\x9c\
\x0d@\x14\x99\xf2_\xa6p\xe15%\xfc\xc3'\xfc=\
'\xfc\xdd\xc7\x08\x7f@\xf8\x07-\xbd\xf8\x03d\x8b\xd9\
s6\x00\xc6\xdasWz\xeb\xf1\x13/\x03\x97\x86\x5c\
T\x22\x09\xff\xf0\x09\x7f\xcf\x09\x7f\xf71\xc2\x1f\x10\xfe\
AK7\xfe\xc0\x8bGn\xde\xf5\xb3K\xff Zq\
\x13k\xee\x09\xb6\x9c\xa4\x12\xfe\xe1\x13\xfe\x9e\x13\xfe\xee\
c\x84? \xfc\x83\x96z\xfc\x01\x0e/\xff\x83\x15\x1b\
\x00\x1b\xf1\x9d0kI(\xe1\x1f>\xe1\xef9\xe1\xef\
>F\xf8\x03\xc2?h-\x81?`o_\xfe'+\
6\x00\xa7\xbb\xcdw\xade4\xcc\x82\x1aL\xf8\x87O\
\xf8{N\xf8\xbb\x8f\x11\xfe\x80\xf0\x0fZk\xe0o,\
g\xf2\x9d\x13G\x97\xff\xf9\x8a\x0d\xc0\xc9={\x0a\xc6\
\x98\xff\x1bfY\x0d$\xfc\xc3'\xfc='\xfc\xdd\xc7\
\x08\x7f@\xf8\x07\xad5\xf0\x07\x88#\xfe\xea\xe8\xfe\xfd\
\xc5\xe5\x7f\xbe\xf2\x18\x00\xc0F\xa5o\xfa_R\x03\x09\
\xff\xf0\x09\x7f\xcf\x09\x7f\xf71\xc2\x1f\x10\xfeAk\x1d\
\xfc\x01\xa2\x98\xaa\xa6W\xdd\x00\xcc\xe7\xe7\xbf\x07\x9c\xf1\
\xba\x22\xd7\x84\x7f\xf8\x84\xbf\xe7\x84\xbf\xfb\x18\xe1\x0f\x08\
\xff\xa0\xb5\x16\xfe\xc0\xa9MS/<P\xed/\xaan\
\x00\x16_*\xf8\x86\xd7%\xb9$\xfc\xc3'\xfc='\
\xfc\xdd\xc7\x08\x7f@\xf8\x07\xad\xe5\xf0\xc7\x1a\xbe\xbe\xf8\
I\xbf+\xaa\xba\x01\x000\x91\xf9/\xfe\x96\xe4\x90\xf0\
\x0f\x9f\xf0\xf7\x9c\xf0w\x1f#\xfc\x01\xe1\x1f\xb4\xd6\xc3\
\x1f [\x8c\xff\xebj\x7f\xb7\xea\x06\xe0\x8e}\xd7<\
\x03<\xe2eE\xf5&\xfc\xc3'\xfc='\xfc\xdd\xc7\
\x08\x7f@\xf8\x07\xad5\xf17\x96\xe3w\x1d\xfa\xc0s\
\xab\xfd\xfd\xaa\x1b\x00\x00c\xec\x9f%\xbf\xa4:\x13\xfe\
\xe1\x13\xfe\x9e\x13\xfe\xeec\x84? \xfc\x83\xd6\x9a\xf8\
\x03\xd8u\x0c_s\x03P\x98\xed\xfeK\x0c\x93\xc9.\
\xa9\x8e\x84\x7f\xf8\x84\xbf\xe7\x84\xbf\xfb\x18\xe1\x0f\x08\xff\
\xa0\xb5.\xfe\xc0DW\xbe\xf4\xad\xb5n\xb0\xe6\x06\xe0\
\xc8\xcd;g\xc1\xfei\xb2k\xaa1\xe1\x1f>\xe1\xef\
9\xe1\xef>F\xf8\x03\xc2?h-\x8d?\xc0\x9f|\
\xe7\x13{\xe6\xd6\xba\xc1\x9a\x1b\x00\x80(*\xfd\x07 \
\x9f\xd8\x92jI\xf8\x87O\xf8{N\xf8\xbb\x8f\x11\xfe\
\x80\xf0\x0fZ\xcb\xe3_\xc8\x94\xcc\x1f\xafw\xa3u7\
\x00\xb7\xef\xdd\xfb\x13cY\xf3e\x84D\x13\xfe\xe1\x13\
\xfe\x9e\x13\xfe\xeec\x84? \xfc\x83\xd6\xf2\xf8c,\
\xff\xeb\xaeC;\xdf\x5c\xefv\xebn\x00\x00J\xc4\x7f\
@\x88\x87C\xf8\x87O\xf8{N\xf8\xbb\x8f\x11\xfe\x80\
\xf0\x0fZ\xeb\xe3_^{\xfc\xefk\xb9iM\x1b\x80\
\xbbo\xb8\xee)\xe0H\x03KZ?\xe1\x1f>\xe1\xef\
9\xe1\xef>F\xf8\x03\xc2?hm\x82\xbf\xe5\xf6\xc3\
\x07>\xf0d-7\xafi\x03\x00`\x88\xff%\xbe\x1e\
\x1a\xe1\x1f>\xe1\xef9\xe1\xef>F\xf8\x03\xc2?h\
m\x82?\xd8\x08\xfb;\xb5\xde\xa5\xe6\x0d\xc0\x1d\xd7_\
\xf7\x18pG\xfd\xabZ'\xe1\x1f>\xe1\xef9\xe1\xef\
>F\xf8\x03\xc2?hm\x83?\xc0\xff\xb9\xfb\xe0\xee\
\x13\xb5\xde\xad\xe6\x0d\x00\x00q\xf4\xdb@\x5c\xd7}\xd6\
J\xf8\x87O\xf8{N\xf8\xbb\x8f\x11\xfe\x80\xf0\x0fZ\
[\xe1\x1f\x1b\xe2\x9a\x7f\xfa\x87:7\x00w\xde\xb8\xe7\
i0\x7f]\xcf}VM\xf8\x87O\xf8{N\xf8\xbb\
\x8f\x11\xfe\x80\xf0\x0fZ[\xe1\x0f\x98\xbf\xac\xf5\xbd\xff\
J\xf5\xbd\x02\x00d\xe2\xf8K\xc0B\xbd\xf7;'\xe1\
\x1f>\xe1\xef9\xe1\xef>F\xf8\x03\xc2?hm\x86\
\xbfa>[*\xfdV\xbd#\xea\xde\x00|\xe7\xc6\x0f\
\xbd\x8a\xe5\x8f\xea\xbd\xdf\xd9\x84\x7f\xf8\x84\xbf\xe7\x84\xbf\
\xfb\x18\xe1\x0f\x08\xff\xa0\xb5\x19\xfe\x00\xb1\xfd\x83;o\
\xf9\xc0\xeb\xf5\x8e\xa9{\x03\x000W\xea\xfb=\x0b?\
\xad\xfb\x8e\xc2?|\xc2\xdfs\xc2\xdf}\x8c\xf0\x07\x84\
\x7f\xd0\xda\x10\x7f\xc3O\x88\xa2\xaf\xba\x8cr\xda\x00\x1c\
\xdd\x7f\xc5Ldl}/7\x08\xff\xf0\x09\x7f\xcf\x09\
\x7f\xf71\xc2\x1f\x10\xfeAkC\xfc\x01c\xed\x17\xcb\
\xd7\xed\xa9?c\xad\xdb\xa3a\xc0\xdcz\xfc\xc4\xbd\x16\
nZ\xf7\xc6\xc2?|\xc2\xdfs\xc2\xdf}\x8c\xf0\x07\
\x84\x7f\xd0\xda\x13\x7f\xe0\xe8=\x07v\xddd\x1d\xff\xcb\
\x9c^\x01X\x5c\x8b5q\xfc\x0f\x80\xf9\xf5n\xe8/\
\xe1_5\xe1\xef9\xe1\xef>F\xf8\x03\xc2?hm\
\x8b\xff\x5c&\xce\xfc\xaa+\xfe\xd0\xc0\x06\x00\xe0\xf6\x1b\
\xaf{\x11\xc3\xea\xe7\x1d\x0a\xff\xf0\x09\x7f\xcf\x09\x7f\xf7\
1\xc2\x1f\x10\xfeAk[\xfc\xc1\x98\xdb\xee:t\xd5\
\xcb\x8d\x8cnh\x03\x00p\xaa;\xfa\x1a\xb0\xf2\xdcC\
\xe1\x1f>\xe1\xef9\xe1\xef>F\xf8\x03\xc2?hm\
\x8c?<\x9e\xef\x1c\xab\xe9\x82?k\xd5\xf0\x06\xe0\xe4\
\x9e=\x85\x92\xe1\x97X\xfaV\x80\xf0\x0f\x9f\xf0\xf7\x9c\
\xf0w\x1f#\xfc\x01\xe1\x1f\xb4\xb6\xc6?\x17\xd9\xcc\xe7\
\x8f\xee\xdf_l\xf4K4\xbc\x01\x008\xfc\x91k\x9f\
\xc5\x9a\xdf\x06\x84\x7f3\x12\xfe\x9e\x13\xfe\xeec\x84?\
 \xfc\x83\xd6\xd6\xf8\x83\xe17\xee>x\xd5SI|\
\x19\xe7\xb3\x00V\x0c\x02s\xeb\xb1\xef\xdfa1\xb7$\
2\xb0\xcaW\x10\xfeU\x12\xfe\x9e\x13\xfe\xeec\x84?\
 \xfc\x83\xd6\xde\xf8\x1b8r\xe4\xc0\xaeC\x8d\x1c\xf8\
\xb7\xb4D^\x01\x80\xf2Y\x01E2\xbf\x02\x9cIj\
\xe6;\x09\xff\xaa\x09\x7f\xcf\x09\x7f\xf71\xc2\x1f\x10\xfe\
Ako\xfc\x81\xd3\xc5l\xe6sI\xe1\x0f\x09n\x00\
\x00\x0e\xdf\xb0\xe7\xad\x18\xfe6PJn\xaa\xf0\xaf\x9a\
\xf0\xf7\x9c\xf0w\x1f#\xfc\x01\xe1\x1f\xb4\xb6\xc7?\x8e\
-\x9f\xfd\xeeMW\x9dJ\xf2K&\xba\x01\x00\xb8\xfb\
\x86k\xef3\xc6\xde\x96\xcc4\xe1_5\xe1\xef9\xe1\
\xef>F\xf8\x03\xc2?hm\x8f?\x16\xfb/\xee=\
\xb8\xebH\xd2_6\xb1c\x00\xce\x19\x0a\xe6\x96\xe3'\
\xfe\x0a\xcb/62E\xf8WI\xf8{N\xf8\xbb\x8f\
\x11\xfe\x80\xf0\x0fZ\xfb\xe3\x0f\xe6\xdb\xf7\x1c\xd8\xf9\xa9\
$_\xfa\xaf\x94\xf8+\x00P>\x1e \xbf\x10\xfd2\
\xf0\xa2\xdb\x04\xe1_5\xe1\xef9\xe1\xef>F\xf8\x03\
\xc2?h\x1b\x01\x7f\x9e\xcf\xc4\xf3\x9f\xf5\x81?xz\
\x05\xa0\xd2-\x0f=v\x99)\xc5\x0f\x03\xdb\xeaX\x92\
\xf0\xaf\x96\xf0\xf7\x9c\xf0w\x1f#\xfc\x01\xe1\x1f\xb4\x8d\
\x80\xbf\x19\xb5Q\xbc\xf7\x9e\x8f\xefv\xfcAz\xfd\xbc\
\xbc\x02P\xe9\xae}{^\x8e\xa3\xe8\x17\x81\x85\xda\xee\
!\xfc\xab&\xfc='\xfc\xdd\xc7\x08\x7f@\xf8\x07m\
#\xe0\xcf\x02&\xfe\xa4O\xfc\xc1\xf3\x06\x00\xe0\xee\x8f\
\xec9\x8e\xe5s@\xbc\xf6-\x85\x7f\xd5\x84\xbf\xe7\x84\
\xbf\xfb\x18\xe1\x0f\x08\xff\xa0m\x08\xfc\xad\xc1\xfe\xbd#\
7\xef~\xc8\xf7R\xbco\x00\x00\xee\xbc\xf1\xdao\x1a\
c\x7fk\xf5[\x08\xff\xaa\x09\x7f\xcf\x09\x7f\xf71\xc2\
\x1f\x10\xfeA\xdb\x10\xf8c\xe07\x0e\x1f\xd8\xfd\x0d\xff\
\x8b\x09\xb4\x01\x00\xb8\xe3\xfa\x0f}\xc5`\x7fo\xe5\xdf\
\x08\xff\xaa\x09\x7f\xcf\x09\x7f\xf71\xc2\x1f\x10\xfeA\xdb\
0\xf8\xff\xce\xe1\x03\xbb\xfe\xd0\xffb\x16\xbf\x9e\xcf\x83\
\x00\xab\xf5\x89\xe3'\xbef-\xbf\xbe\xf8\xe5\x85\x7f\xb5\
\x84\xbf\xe7\x84\xbf\xfb\x18\xe1\x0f\x08\xff\xa0m\x0c\xfc\xb1\
\xfc\xa7#\x07w\xfd\x13\xefkYR\xf0\x0d\x80\x01s\
\xe8\x81\x13\x7fb\x8c\xf9\x82\xf0\xaf\x92\xf0\xf7\x9c\xf0w\
\x1f#\xfc\x01\xe1\x1f\xb4\x8d\x82\xbf\xf9\xef\xf7\x1c\xdc\xf9\
y_\xa7\xfb\xadV\xb0\xb7\x00*Y\xb0\xfd\xa7^\xfb\
\x87\x18\xfe\xdc\xe7\x17i\xc9\x84\xbf\xe7\x84\xbf\xfb\x18\xe1\
\x0f\x08\xff\xa0m\x0c\xfc\x0d\xf6\xcf\xf6=\xba\xf3\x97C\
\xe3\x0fMx\x05\xe0\xec\x17\x06s\xcb\xb1\x93\x7fh\xe1\
\x9f%:\xb8U\x9f,\xc2\xdfs\xc2\xdf}\x8c\xf0\x07\
\x84\x7f\xd06\x0a\xfe\xfc\xf1\x91\x03\xbb~\xad\x19\xf8C\
\x13^\x01\xa8d\xc1\xdey\xc35\xff\x1cc~3\xc9\
\xa1-\x99\xf0\xf7\x9c\xf0w\x1f#\xfc\x01\xe1\x1f\xb4\x8d\
\x81\xbf\x85\xaf\x1c>\xb0\xeb\x1f7\x0b\x7fh\xe2\x06\xa0\
\xd2]\xd7\xef\xf9\x0a\xf0%\x1a}\x10Z\xf5\xc9\x22\xfc\
='\xfc\xdd\xc7\x08\x7f@\xf8\x07mC\xe0\x1f[\xcb\
\xaf\xdfs`Wr?\xfc:\xd6\xb4\xb7\x00\x96w\xeb\
\xb1\x93\x7f\xc3\xc2\xff\x04z\xea\xbes:\xfe\x13\xeaO\
\xf8{N\xf8\xbb\x8f\x11\xfe\x80\xf0\x0f\xda\x86\xc0?g\
\xad\xf9\xfc=\x07w\xfeE\x80\xd5\xac[j6\x00\x00\
\xb7<\xf8\xf8\x87\x89K\xdf\x06\xb3\xbd\xe6;\xa5g\xf9\
\xf5%\xfc='\xfc\xdd\xc7\x08\x7f@\xf8\x07m#\xe0\
oF\x0d|\xea\xf0\x81\x9d\xc7B,\xa7\x96\x9a\xfe\x16\
\xc0\xd2\xee\xfa\xc8\x07\x1f\xc9\xd8\xf8z\xe0\x85\x9a\xee\xd0\
\xaaO\x16\xe1\xef9\xe1\xef>F\xf8\x03\xc2?h\x1b\
\x01\x7f\x9e\xcf\xc4\xd1ui\xc2\x1fR\xb6\x01\x00\xb8\xfd\
\xc6\xeb^\xec\x88r\xd7\x00\x7f\xbd\xe6\x0d[\xf5\xc9\x22\
\xfc='\xfc\xdd\xc7\x08\x7f@\xf8\x07m\x03\xe0o\xb9\
=\xdfe\xf7\xdeu\xe8\xaa\x97\x83\xac\xa7\x8eR\xf5\x16\
\xc0\xd2\x0c\x98C\xc7\x1f\xfb\x22\xd6\xfe.\x909\xe7/\
\xd3\xb9\xe4\xf5\x13\xfe\x9e\x13\xfe\xeec\x84? \xfc\x83\
\xd6\xf6\xf8\x97\xb0\xf6\xdf\xee{t\xf7\xbf\xb9\xed\xb6\xf5\
.\x86\xd7\x9cR\xbb\x01\xa8t\xe8\xd8\xe3\x07\x0c\xf1\xd7\
\x81a\xa0u\x9f,\xc2\xdfs\xc2\xdf}\x8c\xf0\x07\x84\
\x7f\xd0\xda\x1e\xff\xd3\xd6\x9a\xbfs\xcf\xc1\x9d\xf7\x05Z\
\x8dS\xa9{\x0b`yw\xdf\xf0\xc1#\xa5L\xe7\x95\
\x06\xeel\xd9'\x8b\xf0\xf7\x9c\xf0w\x1f#\xfc\x01\xe1\
\x1f\xb4\xb6\xc7\xff^\x1b\xc5\x1fH;\xfe\xd0\x02\xaf\x00\
T*_C\xe0\xe4\xaf\x02\x7f\x04\xf46{=5'\
\xfc='\xfc\xdd\xc7\x08\x7f@\xf8\x07\xad\xad\xf1_0\
\xf0\xaf\xf7>\xb2\xeb\xabi}\xc9\x7fy-\xb3\x01\xa8\
t\xeb\x03\x8f]m\xb1\xff\x03\xd8\xdd\xec\xb5\xac\x9b\xf0\
\xf7\x9c\xf0w\x1f#\xfc\x01\xe1\x1f\xb4\xb6\xc6\xffq\x8c\
\xf9\xdc\x91\x9bw>\x13p5\x0d\x97\xfa\xb7\x00\x96w\
\xe7\x8d{\x9e\x9e\x8fg\xae5\xd8\x7f\x0a\xcc6{=\
\xab&\xfc='\xfc\xdd\xc7\x08\x7f@\xf8\x07\xadM\xf1\
7\xccc\xed\x97G\x87\x8b\x1fn5\xfc\xa1\x05_\x01\
X\xda'\x8e\x9f\xbc\xd4Z\xfe\xb3\xb5|\xac\xd9k9\
'\xe1\xef9\xe1\xef>F\xf8\x03\xc2?hm\x8a?\
\xf6\x81\xc8F_\xb8\xfb\xe0\xce\x1f\x85^NR\xb5\xf4\
\x06\x00\x16\xaf*\xf8\xffN\xfe]k\xcc\xbf\x03{A\
\xb3\xd7#\xfc}'\xfc\xdd\xc7\x08\x7f@\xf8\x07\xad-\
\xf1\x7f\xd3`\xbft\xe4\xc0\xee\xbf\xb0\xad\xfd_\xd6\xfa\
\x1b\x80J\x9f|\xec\xb1\xde\xd2\xac\xfd\xa2\x85/\xe2r\
=\x81$\x12\xfe\x9e\x13\xfe\xeec\x84? \xfc\x83\xd6\
f\xf8\x1b\xe6\xad\xe5?\xf6\xe4\xba\x7f\xf7\xdb\x9f|\xef\
t\xd3\xd6\x94`m\xb3\x01\xa8t\xeb\xf7\x9ex\xb7\xcd\
\x94~\x1f\xc3g\x08y\x8c\x83\xf0\xf7\x9c\xf0w\x1f#\
\xfc\x01\xe1\x1f\xb4\xb6\xc2?6\xd8\xff]\xca\x94~\xf3\
\xde\x8f\xedy\xa3\x89+J\xbc\xb6\xdb\x00T:\xf8\xe0\
\x89+3\xb1\xb9\xcdZ\xfe&\xbe\xbf\x8b\x85\xbf\xe7\x84\
\xbf\xfb\x18\xe1\x0f\x08\xff\xa0\xb5\x0d\xfe\x16\xb83\x8e\xf9\
W\xf7\x1e\xda\xf5Ds\x17\xe4\xa7\xb6\xdd\x00T\xfa\xc4\
\xf1\xc7\xf7\xd88\xfe\xb2\x85[\xbd|\x01\xe1\xef9\xe1\
\xef>F\xf8\x03\xc2?hm\x81\xbf\xc5rGl\xb9\
\xad]\xe1\xaf\xd4\xf6\x1b\x80J\x87\x8e=\xbe\xd3\xd8\xf8\
\x1f\x01\x9f\x05\xba\x13\x19*\xfc='\xfc\xdd\xc7\x08\x7f\
@\xf8\x07\xad\xe5\xf1\xcf\x1b\xcc\xb7M\x1c\x7f\xf5\xee\x83\
\xbbO4{1!\xda0\x1b\x80J\xb7\xde\x7f\xe2|\
\x22\xf3\xf7-\xfc\x1a\xb0\xd5y\x90\xf0\xf7\x9c\xf0w\x1f\
#\xfc\x01\xe1\x1f\xb4\x96\xc6\x7f\x0a\xf8o\x90\xf9\xda\x91\
\x9b\xaf\xfaq\xb3\x17\x13\xb2\x0d\xb7\x01\xa8\xf4\xf3\xf7\xdf\
\xdf\xddm\x06~!\x8a\xec\x17\xac\xe5&\xea\xf9\xce\x17\
\xfe\x9e\x13\xfe\xeec\x84? \xfc\x83\xd6\xb2\xf8?\x06\
\xfci\xbe\xb3\xe3\x1bG\xf7_1\xd3\xec\xc54\xa3\x0d\
\xbb\x01X\xda-\xc7\x1e\xbd\xc2\xc4\x99_\xb1\xc6\xfe\x12\
\x98\xedk\xdeX\xf8{N\xf8\xbb\x8f\x11\xfe\x80\xf0\x0f\
Z\xcb\xe1\x7f\xca\x1a\xbenM\xe9\xcf\xef\xfd\xd8\x07\x7f\
\xd8\xec\xc54;m\x00\x96\xf4e\x88\x1e\xb9\xff\xb1}\
Q\x14\x7f\xdab\xfe\x16p\xde97\x10\xfe\x9e\x13\xfe\
\xeec\x84? \xfc\x83\xd62\xf8\x8fY\xc3\x9d\xc6\x9a\
o\x8d\x0e\x15\x0e\x9f\xdc\xb3\xa7\xd0\xec\x05\xa5%m\x00\
V\xe9\xe7\xef\xbf?\xdb\x13\x0d|\xd4b?i\x0c\x07\
\x89\xb9l\xfd{\x09\x7f\xf7\x84\xbf\xfb\x18\xe1\x0f\x08\xff\
\xa0\xa5\x1e\xff\x97\xac\xe1\xb0\xb1\xf6;\xf9\xce\x89\xa3G\
\xf7\xef/6{AiL\x1b\x80\x1a;x\xff\xe3\x97\
G\xc4\x07M\xc4Ak\xb9\x01\xd8t\xee-\x84\xbf{\
\xc2\xdf}\x8c\xf0\x07\x84\x7f\xd0R\x89\xff$p\xcc\x1a\
{8[\xcc\x1e\xbe\xeb\xd0U/7{A\xad\x906\
\x00\x0e}\xe6[\xdf\xcaL\x9f\x7f\xd9\x95\xc4\xa5\xeb\x8d\
\x8d\xf6\x19\xc3>\x0b\x974{] \xfc\x9b\x9e\xf0\x0f\
\x9f\xf0\x0fXj\xf0\x7f\x05x\x08\xccCqd\x8e_\
\xff\xe0\xd5\xcf\xdev\x1bq\xb3\x17\xd5ji\x03\x90P\
\x9f\xba\xff\x07\x9b\xe7M|\xb5\xc1^\x1dY\xb3\xd3F\
\xf6*,\x97\xb3\xfc8\x02\x8f\x09\xff&'\xfc\xc3'\
\xfc\x03\xd6\x14\xfc\xdf6\x96\x97\xe2\x88g\x8c5O\x19\
\xcb3\xb9\xae\xf8\xe9\xa3\xfbwO\x04]E\x9b\xa6\x0d\
\x80\xe7>\xf3\xf0\xc3=3\xc5\xeeK\xe2b|I&\
c.\x06{\xbe\xb5\x0c\x19\x18\x8ea\xd8\xc0\x10\xd0O\
\xf9\xc3\x89*\x171\x1a\xa4\xce\xeb\x18\x08\xff&'\xfc\
\xc3'\xfc\x03\xd60\xfe1\xe5\x97\xe9\x01\xe6\x81\x05\xb0\
3`F\xada\xc4X;Z\xfe\xff\xf6m\xe0\xd5l\
\xd1\xbe6\xb1y\xe1\xd5\x87\xf6\xee\x9dop\xe1j\x8d\
\xfe?\xb9D)\xa1;D\xdd\xa8\x00\x00\x00\x00IE\
ND\xaeB`\x82\
"

qt_resource_name = b"\
\x00\x05\
\x00o\xa6S\
\x00i\
\x00c\x00o\x00n\x00s\
\x00\x04\
\x00\x06\xb5\xa3\
\x00d\
\x00o\x00c\x00s\
\x00\x0c\
\x02\xeb`T\
\x00C\
\x00H\x00A\x00N\x00G\x00E\x00L\x00O\x00G\x00.\x00m\x00d\
\x00\x08\
\x0aaZ\xa7\
\x00i\
\x00c\x00o\x00n\x00.\x00p\x00n\x00g\
"

qt_resource_struct = b"\
\x00\x00\x00\x00\x00\x02\x00\x00\x00\x02\x00\x00\x00\x01\
\x00\x00\x00\x00\x00\x00\x00\x00\
\x00\x00\x00\x10\x00\x02\x00\x00\x00\x01\x00\x00\x00\x04\
\x00\x00\x00\x00\x00\x00\x00\x00\
\x00\x00\x00\x00\x00\x02\x00\x00\x00\x01\x00\x00\x00\x03\
\x00\x00\x00\x00\x00\x00\x00\x00\
\x00\x00\x00<\x00\x00\x00\x00\x00\x01\x00\x00,\xc8\
\x00\x00\x01\x9a\x11\xc7\xad*\
\x00\x00\x00\x1e\x00\x00\x00\x00\x00\x01\x00\x00\x00\x00\
\x00\x00\x01\x9c\x0eS\xe9U\
"

def qInitResources():
    QtCore.qRegisterResourceData(0x03, qt_resource_struct, qt_resource_name, qt_resource_data)

def qCleanupResources():
    QtCore.qUnregisterResourceData(0x03, qt_resource_struct, qt_resource_name, qt_resource_data)

qInitResources()
